"source_rel","owner_group","state","proposed_target_root_rel","ownership_basis"
"03_derived_metrics/10min_based/all_behavior_metrics.csv","behavior_metrics_foundation","ready","foundations/behavior_metrics","stage01_metrics"
"03_derived_metrics/10min_based/tables/epoch_duration_qc.csv","behavior_metrics_foundation","ready","foundations/behavior_metrics","stage01_metrics"
"03_derived_metrics/10sec_based/all_behavior_metrics.csv","behavior_metrics_foundation","ready","foundations/behavior_metrics","stage01_metrics"
"03_derived_metrics/10sec_based/tables/epoch_duration_qc.csv","behavior_metrics_foundation","ready","foundations/behavior_metrics","stage01_metrics"
"03_derived_metrics/1min_based/all_behavior_metrics.csv","behavior_metrics_foundation","ready","foundations/behavior_metrics","stage01_metrics"
"03_derived_metrics/1min_based/tables/epoch_duration_qc.csv","behavior_metrics_foundation","ready","foundations/behavior_metrics","stage01_metrics"
"03_derived_metrics/30min_based/all_behavior_metrics.csv","behavior_metrics_foundation","ready","foundations/behavior_metrics","stage01_metrics"
"03_derived_metrics/30min_based/tables/epoch_duration_qc.csv","behavior_metrics_foundation","ready","foundations/behavior_metrics","stage01_metrics"
"03_derived_metrics/5min_based/all_behavior_metrics.csv","behavior_metrics_foundation","ready","foundations/behavior_metrics","stage01_metrics"
"03_derived_metrics/5min_based/tables/epoch_duration_qc.csv","behavior_metrics_foundation","ready","foundations/behavior_metrics","stage01_metrics"
"03_derived_metrics/figures/exploratory/README.txt","stage01_generated_metadata_retained","retained","","stage01_metadata_qc"
"03_derived_metrics/figures/interactive/README.txt","stage01_generated_metadata_retained","retained","","stage01_metadata_qc"
"03_derived_metrics/figures/publication_panels/README.txt","stage01_generated_metadata_retained","retained","","stage01_metadata_qc"
"03_derived_metrics/figures/qc/README.txt","stage01_generated_metadata_retained","retained","","stage01_metadata_qc"
"03_derived_metrics/figures/supplementary/README.txt","stage01_generated_metadata_retained","retained","","stage01_metadata_qc"
"03_derived_metrics/manifest/input_output_manifest.csv","stage01_generated_metadata_retained","retained","","stage01_metadata_qc"
"03_derived_metrics/manifest/output_manifest.csv","stage01_generated_metadata_retained","retained","","stage01_metadata_qc"
"03_derived_metrics/output_manifest.csv","stage01_generated_metadata_retained","retained","","stage01_metadata_qc"
"03_derived_metrics/phase_based/all_behavior_metrics.csv","behavior_metrics_foundation","ready","foundations/behavior_metrics","stage01_metrics"
"03_derived_metrics/phase_based/tables/epoch_duration_qc.csv","behavior_metrics_foundation","ready","foundations/behavior_metrics","stage01_metrics"
"03_derived_metrics/qc/animal_group_sex_assignment_qc.csv","behavior_metrics_foundation","ready","foundations/behavior_metrics","stage01_metadata_qc"
"03_derived_metrics/qc/cross_scale_identity_downstream_inheritance.csv","cross_scale_identity_validation","retained","","cross_scale_identity_validation"
"03_derived_metrics/qc/cross_scale_identity_expected_phenotype_checks.csv","cross_scale_identity_validation","retained","","cross_scale_identity_validation"
"03_derived_metrics/qc/cross_scale_identity_expected_phenotype_from_preprocessed.csv","cross_scale_identity_validation","retained","","cross_scale_identity_validation"
"03_derived_metrics/qc/cross_scale_identity_format_checks.csv","cross_scale_identity_validation","retained","","cross_scale_identity_validation"
"03_derived_metrics/qc/cross_scale_identity_group_sex_conflicts.csv","cross_scale_identity_validation","retained","","cross_scale_identity_validation"
"03_derived_metrics/qc/cross_scale_identity_group_sex_within_scale.csv","cross_scale_identity_validation","retained","","cross_scale_identity_validation"
"03_derived_metrics/qc/cross_scale_identity_roster_comparison.csv","cross_scale_identity_validation","retained","","cross_scale_identity_validation"
"03_derived_metrics/qc/cross_scale_identity_roster_count_summary.csv","cross_scale_identity_validation","retained","","cross_scale_identity_validation"
"03_derived_metrics/qc/genuine_position_event_counts.csv","behavior_metrics_foundation","ready","foundations/behavior_metrics","stage01_metadata_qc"
"03_derived_metrics/qc/group_sex_assignment_summary.csv","behavior_metrics_foundation","ready","foundations/behavior_metrics","stage01_metadata_qc"
"03_derived_metrics/qc/movement_event_gap_provenance.csv","behavior_metrics_foundation","ready","foundations/behavior_metrics","stage01_metadata_qc"
"03_derived_metrics/qc/movement_gap_rule_retirement_audit.csv","behavior_metrics_foundation","ready","foundations/behavior_metrics","stage01_metadata_qc"
"03_derived_metrics/qc/multiscale_behavior_metrics_qc.csv","behavior_metrics_foundation","ready","foundations/behavior_metrics","stage01_metadata_qc"
"03_derived_metrics/qc/phase_boundary_epoch_inclusion_audit.csv","behavior_metrics_foundation","ready","foundations/behavior_metrics","stage01_metadata_qc"
"03_derived_metrics/qc/reference_ids_not_found_in_preprocessed_data.csv","behavior_metrics_foundation","ready","foundations/behavior_metrics","stage01_metadata_qc"
"03_derived_metrics/spatial_occupancy/all_position_occupancy_by_bin.csv","stage19_retained_original","retained","","stage19_retained_original"
"03_derived_metrics/spatial_occupancy/all_position_occupancy_by_phase.csv","stage19_retained_original","retained","","stage19_retained_original"
"03_derived_metrics/spatial_occupancy/animal_level_reader_occupancy_for_maps.csv","stage19_retained_original","retained","","stage19_retained_original"
"03_derived_metrics/spatial_occupancy/animal_level_reader_occupancy_summary.csv","stage19_retained_original","retained","","stage19_retained_original"
"03_derived_metrics/spatial_occupancy/canonical_identity_alias_merge.csv","stage19_retained_original","retained","","stage19_retained_original"
"03_derived_metrics/spatial_occupancy/canonical_identity_conflicts.csv","stage19_retained_original","retained","","stage19_retained_original"
"03_derived_metrics/spatial_occupancy/canonical_identity_summary.csv","stage19_retained_original","retained","","stage19_retained_original"
"03_derived_metrics/spatial_occupancy/group_level_reader_occupancy_summary.csv","stage19_retained_original","retained","","stage19_retained_original"
"03_derived_metrics/spatial_occupancy/group_sex_label_contract.csv","stage19_retained_original","retained","","stage19_retained_original"
"03_derived_metrics/spatial_occupancy/phase_boundary_and_gap_rule_audit.csv","stage19_retained_original","retained","","stage19_retained_original"
"03_derived_metrics/spatial_occupancy/raw_position_metadata_assignment_qc.csv","stage19_retained_original","retained","","stage19_retained_original"
"03_derived_metrics/spatial_occupancy/reader_occupancy_group_contrasts_effect_sizes.csv","stage19_retained_original","retained","","stage19_retained_original"
"03_derived_metrics/spatial_occupancy/session_info.txt","stage19_retained_original","retained","","stage19_retained_original"
"03_derived_metrics/spatial_occupancy/spatial_occupancy_run_log.csv","stage19_retained_original","retained","","stage19_retained_original"
"03_derived_metrics/tables/output_figure_inventory.csv","stage01_generated_metadata_retained","retained","","stage01_metadata_qc"
"03_derived_metrics/tables/output_folder_summary.csv","stage01_generated_metadata_retained","retained","","stage01_metadata_qc"
