"group","source_rel","target_root_rel","target_file","source_sha256","gate","contract_file","contract_sha256"
"rfid_leading_bin_seed_audit","12_systems_neuroscience_summary/5min_based/audit_rfid_leading_bin_seed/burden_change_by_group.csv","analyses/rfid_leading_bin_seed_audit","burden_change_by_group.csv","51accae248f3f95caaa8695bcf5f903bc2467fd6a44620afb570b35a02e7b597","ready","docs/behavior_output_code_contracts/rfid_leading_bin_seed_audit.csv","07501289fd98a18233fa3ba40d840e4053cbb3f845a3ffe5634ed3cba6dd1368"
"rfid_leading_bin_seed_audit","12_systems_neuroscience_summary/5min_based/audit_rfid_leading_bin_seed/domain_scores_by_trim_variant.csv","analyses/rfid_leading_bin_seed_audit","domain_scores_by_trim_variant.csv","e2b6584de3f2c411cc51bd6fc55df32ebe120dbdb089a2827806d2b393b048dc","ready","docs/behavior_output_code_contracts/rfid_leading_bin_seed_audit.csv","07501289fd98a18233fa3ba40d840e4053cbb3f845a3ffe5634ed3cba6dd1368"
"rfid_leading_bin_seed_audit","12_systems_neuroscience_summary/5min_based/audit_rfid_leading_bin_seed/group_omnibus_by_trim_variant_wide.csv","analyses/rfid_leading_bin_seed_audit","group_omnibus_by_trim_variant_wide.csv","3228035a2daaf521899b58aa0d88fc08c311747b615f0eb170cf15f04a3b7aab","ready","docs/behavior_output_code_contracts/rfid_leading_bin_seed_audit.csv","07501289fd98a18233fa3ba40d840e4053cbb3f845a3ffe5634ed3cba6dd1368"
"rfid_leading_bin_seed_audit","12_systems_neuroscience_summary/5min_based/audit_rfid_leading_bin_seed/group_omnibus_by_trim_variant.csv","analyses/rfid_leading_bin_seed_audit","group_omnibus_by_trim_variant.csv","6cccc419f56607120529f53937f9f53fe259d12655c4b960fc54095ebdc450fb","ready","docs/behavior_output_code_contracts/rfid_leading_bin_seed_audit.csv","07501289fd98a18233fa3ba40d840e4053cbb3f845a3ffe5634ed3cba6dd1368"
"rfid_leading_bin_seed_audit","12_systems_neuroscience_summary/5min_based/audit_rfid_leading_bin_seed/leading_zero_burden_by_cagechange.csv","analyses/rfid_leading_bin_seed_audit","leading_zero_burden_by_cagechange.csv","664643b802d786bdb41600a942a10c4bde9dc03d3961c8724fc4914f1daebb2e","ready","docs/behavior_output_code_contracts/rfid_leading_bin_seed_audit.csv","07501289fd98a18233fa3ba40d840e4053cbb3f845a3ffe5634ed3cba6dd1368"
"rfid_leading_bin_seed_audit","12_systems_neuroscience_summary/5min_based/audit_rfid_leading_bin_seed/leading_zero_burden_by_group.csv","analyses/rfid_leading_bin_seed_audit","leading_zero_burden_by_group.csv","48873a148c940fd6ccfbcde4080c130e879fdf48e9a7d122070072a688dd8882","ready","docs/behavior_output_code_contracts/rfid_leading_bin_seed_audit.csv","07501289fd98a18233fa3ba40d840e4053cbb3f845a3ffe5634ed3cba6dd1368"
"rfid_leading_bin_seed_audit","12_systems_neuroscience_summary/5min_based/audit_rfid_leading_bin_seed/leading_zero_burden_by_sex.csv","analyses/rfid_leading_bin_seed_audit","leading_zero_burden_by_sex.csv","fea9239faf0428fe5d82fab84f42a52c70873a93ed8d2cf50fb66dacb9e3f68e","ready","docs/behavior_output_code_contracts/rfid_leading_bin_seed_audit.csv","07501289fd98a18233fa3ba40d840e4053cbb3f845a3ffe5634ed3cba6dd1368"
"rfid_leading_bin_seed_audit","12_systems_neuroscience_summary/5min_based/audit_rfid_leading_bin_seed/leading_zero_burden_group_test.csv","analyses/rfid_leading_bin_seed_audit","leading_zero_burden_group_test.csv","b2e855e3d323010cb98168f7a2d377ec1e5aefb622ae8d6c1917cf8e1be63e78","ready","docs/behavior_output_code_contracts/rfid_leading_bin_seed_audit.csv","07501289fd98a18233fa3ba40d840e4053cbb3f845a3ffe5634ed3cba6dd1368"
"rfid_leading_bin_seed_audit","12_systems_neuroscience_summary/5min_based/audit_rfid_leading_bin_seed/leading_zero_by_animal_and_cagechange.csv","analyses/rfid_leading_bin_seed_audit","leading_zero_by_animal_and_cagechange.csv","9ea1b808ed4485d9f56267dbe25089cc32c7534a2d2689bb653f49262dececac","ready","docs/behavior_output_code_contracts/rfid_leading_bin_seed_audit.csv","07501289fd98a18233fa3ba40d840e4053cbb3f845a3ffe5634ed3cba6dd1368"
"rfid_leading_bin_seed_audit","12_systems_neuroscience_summary/5min_based/audit_rfid_leading_bin_seed/leading_zero_entropy_by_animal.csv","analyses/rfid_leading_bin_seed_audit","leading_zero_entropy_by_animal.csv","1e0cc4473076c20cd5520e1fd9308e46884b36b07e00431160a01622a282da1b","ready","docs/behavior_output_code_contracts/rfid_leading_bin_seed_audit.csv","07501289fd98a18233fa3ba40d840e4053cbb3f845a3ffe5634ed3cba6dd1368"
"rfid_leading_bin_seed_audit","12_systems_neuroscience_summary/5min_based/audit_rfid_leading_bin_seed/score_agreement_vs_trim.csv","analyses/rfid_leading_bin_seed_audit","score_agreement_vs_trim.csv","de0f89a715e3e15466a5949f4a2a233d5a8b2c5a0ff6f41f28a8b778e5b8a915","ready","docs/behavior_output_code_contracts/rfid_leading_bin_seed_audit.csv","07501289fd98a18233fa3ba40d840e4053cbb3f845a3ffe5634ed3cba6dd1368"
"rfid_leading_bin_seed_audit","12_systems_neuroscience_summary/5min_based/audit_rfid_leading_bin_seed/verdict.csv","analyses/rfid_leading_bin_seed_audit","verdict.csv","16a0b7143c98ba12c85a076595eeb5c0a51da39c84be0720b05a1b62f072ca66","ready","docs/behavior_output_code_contracts/rfid_leading_bin_seed_audit.csv","07501289fd98a18233fa3ba40d840e4053cbb3f845a3ffe5634ed3cba6dd1368"
