relative_path,family,source_sha256,writer_scripts,writer_evidence_kind,exact_basename_reference_lines,source_retained,migration_gate
audit_hmm_state_architecture/audit_doc_v1_state_semantics.csv,other,ac4e3c1ce6c012468b1f5f9a724c0959eb9d1497877a966f3ddd15e02bdc702d,Testing/audits/audit_hmm_state_architecture_provenance.R,same_line_write_call,Testing/audits/audit_hmm_state_architecture_provenance.R:67,TRUE,blocked_historical_input_lineage_and_writer_collisions
audit_hmm_state_architecture/audit_doc_v2_component_reduction.csv,other,497e427d8c930fa8015d63e686ff1178afbe55a6c0a8bad2aef1d6934ba95c6e,Testing/audits/audit_hmm_state_architecture_provenance.R,same_line_write_call,Testing/audits/audit_hmm_state_architecture_provenance.R:90,TRUE,blocked_historical_input_lineage_and_writer_collisions
audit_hmm_state_architecture/audit_doc_v3_permutation_invariance.csv,other,b09bde5f78e716a820609e72fce7d659c684a5d155d22188833d4baea24de08d,Testing/audits/audit_hmm_state_architecture_provenance.R,same_line_write_call,Testing/audits/audit_hmm_state_architecture_provenance.R:124,TRUE,blocked_historical_input_lineage_and_writer_collisions
audit_hmm_state_architecture/audit_doc_v3b_closed_form_reduction.csv,other,5d8c3a7200726f13056a4b74a8b9d379cfc2556a61e19e9b53a9048a421b4395,Testing/audits/audit_hmm_state_architecture_provenance.R,same_line_write_call,Testing/audits/audit_hmm_state_architecture_provenance.R:136,TRUE,blocked_historical_input_lineage_and_writer_collisions
audit_hmm_state_architecture/audit_doc_v4_model_fixed_effects.csv,other,b840b8774c1745d2c26546fb6d6be9e77fc79fed77d42a31b91cda00cd292303,Testing/audits/audit_hmm_state_architecture_provenance.R,same_line_write_call,Testing/audits/audit_hmm_state_architecture_provenance.R:186,TRUE,blocked_historical_input_lineage_and_writer_collisions
audit_hmm_state_architecture/audit_doc_v4b_helper_contrasts.csv,other,9f2feb32841cb2ab144fb3e6f411dac472f367c03a2bd02d8c2432f2d18fb39b,Testing/audits/audit_hmm_state_architecture_provenance.R,same_line_write_call,Testing/audits/audit_hmm_state_architecture_provenance.R:200,TRUE,blocked_historical_input_lineage_and_writer_collisions
audit_hmm_state_architecture/audit_doc_v5_context_cell_moments.csv,other,234c26b5b2f763c295a6e87c4056b346dab59b9e8db8d8740b3212a75ca9587d,Testing/audits/audit_hmm_state_architecture_provenance.R,same_line_write_call,Testing/audits/audit_hmm_state_architecture_provenance.R:155,TRUE,blocked_historical_input_lineage_and_writer_collisions
audit_hmm_state_architecture/audit_doc_v5b_group_mean_zero_sum.csv,other,b556826fd8fffd81d1c5ca8f89760a89da3009feed1c5b6a70d6e099c6fa9740,Testing/audits/audit_hmm_state_architecture_provenance.R,same_line_write_call,Testing/audits/audit_hmm_state_architecture_provenance.R:164,TRUE,blocked_historical_input_lineage_and_writer_collisions
audit_hmm_state_architecture/audit_doc_v6_sex_and_cc_terms.csv,other,0240c7e4df43203b05d1b33ac4b820359899c5e53792c94b99bf2a0daf0c1b19,Testing/audits/audit_hmm_state_architecture_provenance_addendum.R,same_line_write_call,Testing/audits/audit_hmm_state_architecture_provenance_addendum.R:81,TRUE,blocked_historical_input_lineage_and_writer_collisions
audit_hmm_state_architecture/audit_doc_v7_artifact_consumption_map.csv,other,a2cf9a24ec4121417678063409464213ff9803426895a8772adac66ec6679411,Testing/audits/audit_hmm_state_architecture_provenance_addendum.R,same_line_write_call,Testing/audits/audit_hmm_state_architecture_provenance_addendum.R:107,TRUE,blocked_historical_input_lineage_and_writer_collisions
audit_hmm_state_architecture/audit_doc_v7b_stage08_files_present.csv,other,02ae52f8087429a863c563e1a746c1a12c40814ef81b6dafcaf624002a6b1253,Testing/audits/audit_hmm_state_architecture_provenance_addendum.R,same_line_write_call,Testing/audits/audit_hmm_state_architecture_provenance_addendum.R:113,TRUE,blocked_historical_input_lineage_and_writer_collisions
audit_hmm_state_architecture/first_night_domain_heatmap/Fig_first_night_10domain_audit_heatmap.pdf,first_night,f5183cc9d03c9ba9a6ed31e69c744a8ae9160444f5a767159721348efecaa356,Testing/audits/audit_first_night_candidate_set_decision.R,reviewed_multiline_or_figure_helper,,TRUE,blocked_historical_input_lineage_and_writer_collisions
audit_hmm_state_architecture/first_night_domain_heatmap/Fig_first_night_10domain_audit_heatmap.png,first_night,ed0a118ace7268a4c67c835ee7bc623608452fa54a8ce7fb5f83de2ade669ff9,Testing/audits/audit_first_night_candidate_set_decision.R,reviewed_multiline_or_figure_helper,,TRUE,blocked_historical_input_lineage_and_writer_collisions
audit_hmm_state_architecture/first_night_domain_heatmap/Fig_first_night_10domain_audit_heatmap.svg,first_night,69422b01d01d74065bdeeb82c5d7fc00e330e9a58853ba697f0dff9717b3f648,Testing/audits/audit_first_night_candidate_set_decision.R,reviewed_multiline_or_figure_helper,,TRUE,blocked_historical_input_lineage_and_writer_collisions
audit_hmm_state_architecture/first_night_domain_heatmap/Fig_first_night_domain_heatmap.pdf,first_night,2a13f18544026910664be0f0fdac6f81f454f2f0c064e7aa90b9a7fa5c5edb08,Testing/audits/audit_first_night_heatmap_v2.R,reviewed_multiline_or_figure_helper,,TRUE,blocked_historical_input_lineage_and_writer_collisions
audit_hmm_state_architecture/first_night_domain_heatmap/Fig_first_night_domain_heatmap.png,first_night,ec5c8fa3b57d0ac9ae47ef4ea02d7bc2abefc15883296bd93ea97dfd55d9c676,Testing/audits/audit_first_night_heatmap_v2.R,reviewed_multiline_or_figure_helper,,TRUE,blocked_historical_input_lineage_and_writer_collisions
audit_hmm_state_architecture/first_night_domain_heatmap/Fig_first_night_domain_heatmap.svg,first_night,c22685e0ea4f797de53804599a3fb25f3b9d1cf45bb9d7ba618bfc1b0b87f835,Testing/audits/audit_first_night_heatmap_v2.R,reviewed_multiline_or_figure_helper,,TRUE,blocked_historical_input_lineage_and_writer_collisions
audit_hmm_state_architecture/first_night_domain_heatmap/Fig_first_night_hmm_components.pdf,first_night,837bb22d6d1c2198a77d86648cce48f95e207b0d8334602709a1f6d2ced7dd3a,Testing/audits/audit_first_night_hmm_components.R,same_line_write_call,Testing/audits/audit_first_night_hmm_components.R:711,TRUE,blocked_historical_input_lineage_and_writer_collisions
audit_hmm_state_architecture/first_night_domain_heatmap/Fig_first_night_hmm_components.png,first_night,573177e95c136fc90588e70b19f675034c8e37ee413b7918e70e2cfc2f8a7547,Testing/audits/audit_first_night_heatmap_v2.R,reviewed_multiline_or_figure_helper,,TRUE,blocked_historical_input_lineage_and_writer_collisions
audit_hmm_state_architecture/first_night_domain_heatmap/Fig_first_night_hmm_components.svg,first_night,4f51be9e2d5bed586f482b5d55d2ccf1977296a4c42a3933a11724cada7e7b72,Testing/audits/audit_first_night_hmm_components.R,same_line_write_call,Testing/audits/audit_first_night_hmm_components.R:710,TRUE,blocked_historical_input_lineage_and_writer_collisions
audit_hmm_state_architecture/first_night_domain_heatmap/Fig_first_night_minimal_heatmap.pdf,first_night,88e78aaaf5fef824ecf472a053e0355581d3f39ddcdabcf5554daf5ca1e63ae6,Testing/audits/audit_first_night_candidate_set_decision.R,reviewed_multiline_or_figure_helper,,TRUE,blocked_historical_input_lineage_and_writer_collisions
audit_hmm_state_architecture/first_night_domain_heatmap/Fig_first_night_minimal_heatmap.png,first_night,6f210a072152fca324c9ec30edf0d29cfbeed550b1e946eda75cb5810ae31057,Testing/audits/audit_first_night_candidate_set_decision.R,reviewed_multiline_or_figure_helper,,TRUE,blocked_historical_input_lineage_and_writer_collisions
audit_hmm_state_architecture/first_night_domain_heatmap/Fig_first_night_minimal_heatmap.svg,first_night,cf71d2dcb22e72d39337956280f7c2063d2a7295787a2887d6ea74dffb47047a,Testing/audits/audit_first_night_candidate_set_decision.R,reviewed_multiline_or_figure_helper,,TRUE,blocked_historical_input_lineage_and_writer_collisions
audit_hmm_state_architecture/first_night_domain_heatmap/first_night_10domain_effects.csv,first_night,6d630d927dc0a3a350d5a0edc1afa21c87458ad115d70d96e5586424f3b18d8a,Testing/audits/audit_first_night_candidate_set_effects.R,same_line_write_call,Testing/audits/audit_first_night_candidate_set_decision.R:90|Testing/audits/audit_first_night_candidate_set_decision.R:285|Testing/audits/audit_first_night_candidate_set_decision.R:779|Testing/audits/audit_first_night_candidate_set_decision.R:891|Testing/audits/audit_first_night_candidate_set_effects.R:187|Testing/audits/audit_first_night_candidate_set_effects.R:250|Testing/audits/audit_first_night_candidate_set_effects.R:251|Testing/audits/audit_first_night_candidate_set_effects.R:503|Testing/audits/audit_first_night_candidate_set_effects.R:618,TRUE,blocked_historical_input_lineage_and_writer_collisions
audit_hmm_state_architecture/first_night_domain_heatmap/first_night_10domain_formula_overlap.csv,first_night,002d3f7909d9966ab9395da547090675e6359e5eebaf9898d636e361e83a0c6f,Testing/audits/audit_first_night_candidate_set_scores.R,same_line_write_call,Testing/audits/audit_first_night_candidate_set_decision.R:87|Testing/audits/audit_first_night_candidate_set_decision.R:276|Testing/audits/audit_first_night_candidate_set_decision.R:279|Testing/audits/audit_first_night_candidate_set_decision.R:282|Testing/audits/audit_first_night_candidate_set_decision.R:285|Testing/audits/audit_first_night_candidate_set_decision.R:778|Testing/audits/audit_first_night_candidate_set_scores.R:731|Testing/audits/audit_first_night_candidate_set_scores.R:732|Testing/audits/audit_first_night_candidate_set_scores.R:884,TRUE,blocked_historical_input_lineage_and_writer_collisions
audit_hmm_state_architecture/first_night_domain_heatmap/first_night_10domain_locomotion_dominance.csv,first_night,22aa02d5557ee5e78e9b6f16d3727febf64d426f511ecf415e9fb2f4836b2ccf,Testing/audits/audit_first_night_candidate_set_effects.R,same_line_write_call,Testing/audits/audit_first_night_candidate_set_decision.R:89|Testing/audits/audit_first_night_candidate_set_decision.R:275|Testing/audits/audit_first_night_candidate_set_decision.R:280|Testing/audits/audit_first_night_candidate_set_decision.R:281|Testing/audits/audit_first_night_candidate_set_decision.R:284|Testing/audits/audit_first_night_candidate_set_decision.R:781|Testing/audits/audit_first_night_candidate_set_effects.R:685|Testing/audits/audit_first_night_candidate_set_effects.R:686,TRUE,blocked_historical_input_lineage_and_writer_collisions
audit_hmm_state_architecture/first_night_domain_heatmap/first_night_10domain_redundancy.csv,first_night,2d62235e42db0a91d836b914e15d6f61c2918c7b7dba7819a5fbfdec9fbde6e3,Testing/audits/audit_first_night_candidate_set_scores.R,same_line_write_call,Testing/audits/audit_first_night_candidate_set_decision.R:88|Testing/audits/audit_first_night_candidate_set_decision.R:275|Testing/audits/audit_first_night_candidate_set_decision.R:276|Testing/audits/audit_first_night_candidate_set_decision.R:278|Testing/audits/audit_first_night_candidate_set_decision.R:279|Testing/audits/audit_first_night_candidate_set_decision.R:281|Testing/audits/audit_first_night_candidate_set_decision.R:282|Testing/audits/audit_first_night_candidate_set_decision.R:779|Testing/audits/audit_first_night_candidate_set_decision.R:814|Testing/audits/audit_first_night_candidate_set_scores.R:753|Testing/audits/audit_first_night_candidate_set_scores.R:815|Testing/audits/audit_first_night_candidate_set_scores.R:816|Testing/audits/audit_first_night_candidate_set_scores.R:885,TRUE,blocked_historical_input_lineage_and_writer_collisions
audit_hmm_state_architecture/first_night_domain_heatmap/first_night_10domain_resolution_agreement.csv,first_night,8a938a737182986854b2f19d2816ec80ec9a19de9de96e79462b5bb34346fe16,Testing/audits/audit_first_night_candidate_set_effects.R,same_line_write_call,Testing/audits/audit_first_night_candidate_set_decision.R:781|Testing/audits/audit_first_night_candidate_set_effects.R:622|Testing/audits/audit_first_night_candidate_set_effects.R:623,TRUE,blocked_historical_input_lineage_and_writer_collisions
audit_hmm_state_architecture/first_night_domain_heatmap/first_night_10domain_scores.csv,first_night,73d55a1f581c89516f3b729686c555cfbf9f1e73f7db18a29e30accd547dfcba,Testing/audits/audit_first_night_candidate_set_scores.R,same_line_write_call,Testing/audits/audit_first_night_candidate_set_decision.R:86|Testing/audits/audit_first_night_candidate_set_decision.R:275|Testing/audits/audit_first_night_candidate_set_decision.R:278|Testing/audits/audit_first_night_candidate_set_decision.R:280|Testing/audits/audit_first_night_candidate_set_decision.R:281|Testing/audits/audit_first_night_candidate_set_decision.R:282|Testing/audits/audit_first_night_candidate_set_decision.R:285|Testing/audits/audit_first_night_candidate_set_decision.R:778|Testing/audits/audit_first_night_candidate_set_effects.R:11|Testing/audits/audit_first_night_candidate_set_effects.R:62|Testing/audits/audit_first_night_candidate_set_effects.R:241|Testing/audits/audit_first_night_candidate_set_effects.R:378|Testing/audits/audit_first_night_candidate_set_effects.R:682|Testing/audits/audit_first_night_candidate_set_scores.R:361|Testing/audits/audit_first_night_candidate_set_scores.R:447|Testing/audits/audit_first_night_candidate_set_scores.R:448|Testing/audits/audit_first_night_candidate_set_scores.R:884|Testing/audits/audit_first_night_production_parity.R:86,TRUE,blocked_historical_input_lineage_and_writer_collisions
audit_hmm_state_architecture/first_night_domain_heatmap/first_night_candidate_set_decision_assertions.csv,first_night,40b8fbf1caa10c21e5ef00d80dafaba932e336a2cc829d191e10bc58c8bd2602,Testing/audits/audit_first_night_candidate_set_decision.R,same_line_write_call,Testing/audits/audit_first_night_candidate_set_decision.R:772|Testing/audits/audit_first_night_candidate_set_decision.R:920,TRUE,blocked_historical_input_lineage_and_writer_collisions
audit_hmm_state_architecture/first_night_domain_heatmap/first_night_candidate_set_effects_assertions.csv,first_night,4c0602a055ebe88eca4bd49b3dff62d0a9cb8514d073db8eae6c787cc21bf8d5,Testing/audits/audit_first_night_candidate_set_effects.R,same_line_write_call,Testing/audits/audit_first_night_candidate_set_effects.R:721|Testing/audits/audit_first_night_candidate_set_effects.R:722,TRUE,blocked_historical_input_lineage_and_writer_collisions
audit_hmm_state_architecture/first_night_domain_heatmap/first_night_candidate_set_readme.md,first_night,9d97638e90d8592c8a24c26c0de3a9f0d6eac6fb1b2b668b64a1a0b73985f6f9,Testing/audits/audit_first_night_candidate_set_decision.R,reviewed_multiline_or_figure_helper,Testing/audits/audit_first_night_candidate_set_decision.R:773|Testing/audits/audit_first_night_candidate_set_decision.R:784|Testing/audits/audit_first_night_candidate_set_decision.R:786,TRUE,blocked_historical_input_lineage_and_writer_collisions
audit_hmm_state_architecture/first_night_domain_heatmap/first_night_combz_exploratory_association.csv,first_night,1fd768444c60eab1a8738464cdb56e35ca1e008670e368f25a8c8104848b3076,Testing/audits/audit_first_night_domain_scores.R,same_line_write_call,Testing/audits/audit_first_night_domain_scores.R:978,TRUE,blocked_historical_input_lineage_and_writer_collisions
audit_hmm_state_architecture/first_night_domain_heatmap/first_night_cross_resolution_stability_v2.csv,first_night,01ae95d6372f3f61a9dc5cd17e90998a81c3d466acd1cbccf51f1543cc99d80b,Testing/audits/audit_first_night_domain_scores_v2.R,same_line_write_call,Testing/audits/audit_first_night_domain_scores_v2.R:1059|Testing/audits/audit_first_night_domain_scores_v2.R:1146,TRUE,blocked_historical_input_lineage_and_writer_collisions
audit_hmm_state_architecture/first_night_domain_heatmap/first_night_domain_contrasts_v2.csv,first_night,190f1d419d43a8ff4eefad1eb119ddcd1728ed10921f3af9f7bd9bd414ab6f39,Testing/audits/audit_first_night_domain_scores_v2.R,same_line_write_call,Testing/audits/audit_first_night_domain_scores_v2.R:1008|Testing/audits/audit_first_night_domain_scores_v2.R:1009|Testing/audits/audit_first_night_domain_scores_v2.R:1140|Testing/audits/audit_first_night_heatmap_v2.R:256|Testing/audits/audit_first_night_heatmap_v2.R:262,TRUE,blocked_historical_input_lineage_and_writer_collisions
audit_hmm_state_architecture/first_night_domain_heatmap/first_night_domain_effect_summary.csv,first_night,4e88efbbbd74fbccbce042df17cac6bd8baf19c4466ddd64345150dcb1ce669c,Testing/audits/audit_first_night_heatmap_v2.R,same_line_write_call,Testing/audits/audit_first_night_heatmap_v2.R:21|Testing/audits/audit_first_night_heatmap_v2.R:252|Testing/audits/audit_first_night_heatmap_v2.R:253|Testing/audits/audit_first_night_heatmap_v2.R:1176,TRUE,blocked_historical_input_lineage_and_writer_collisions
audit_hmm_state_architecture/first_night_domain_heatmap/first_night_domain_interaction_tests.csv,first_night,f5f2d808c91e003cd44efea60fa25b56691e3f0fef916e68ce5b0451ad2a6476,Testing/audits/audit_first_night_heatmap_v2.R,same_line_write_call,Testing/audits/audit_first_night_heatmap_v2.R:22|Testing/audits/audit_first_night_heatmap_v2.R:329|Testing/audits/audit_first_night_heatmap_v2.R:330|Testing/audits/audit_first_night_heatmap_v2.R:1116|Testing/audits/audit_first_night_heatmap_v2.R:1177,TRUE,blocked_historical_input_lineage_and_writer_collisions
audit_hmm_state_architecture/first_night_domain_heatmap/first_night_domain_provenance.csv,first_night,b9878e7f82a7b45cd50f5ba03caa2be8c34bd18cb331fac694d2bbe7444a8cf0,Testing/audits/audit_first_night_domain_scores.R|Testing/audits/audit_first_night_domain_scores_v2.R,multiple_explicit_writers,Testing/audits/audit_first_night_domain_scores.R:8|Testing/audits/audit_first_night_domain_scores.R:800|Testing/audits/audit_first_night_domain_scores.R:869|Testing/audits/audit_first_night_domain_scores_v2.R:826|Testing/audits/audit_first_night_domain_scores_v2.R:887|Testing/audits/audit_first_night_domain_scores_v2.R:888|Testing/audits/audit_first_night_domain_scores_v2.R:1135,TRUE,blocked_historical_input_lineage_and_writer_collisions
audit_hmm_state_architecture/first_night_domain_heatmap/first_night_domain_redundancy_audit.csv,first_night,216b3a06b87a9bcacfbd9beaa7c4ed73f74c541b017227739d5d1489b0e8ea8f,Testing/audits/audit_first_night_domain_scores.R|Testing/audits/audit_first_night_domain_scores_v2.R,multiple_explicit_writers,Testing/audits/audit_first_night_domain_scores.R:9|Testing/audits/audit_first_night_domain_scores.R:797|Testing/audits/audit_first_night_domain_scores_v2.R:935|Testing/audits/audit_first_night_domain_scores_v2.R:936|Testing/audits/audit_first_night_domain_scores_v2.R:1136,TRUE,blocked_historical_input_lineage_and_writer_collisions
audit_hmm_state_architecture/first_night_domain_heatmap/first_night_domain_scores.csv,first_night,a5b2989a7ba3f630beecbf5c6327eccfa0c9d0ff7c95890b55a6760f0af74613,Testing/audits/audit_first_night_domain_scores.R|Testing/audits/audit_first_night_domain_scores_v2.R,multiple_explicit_writers,Analysis/14_systems_neuroscience_summary_dashboard.R:5808|Analysis/28_rfid_behavioral_domains.R:413|Analysis/build_publication_release.R:170|Functions/first_night_domain_driver.R:207|Testing/audits/audit_first_night_domain_scores.R:7|Testing/audits/audit_first_night_domain_scores.R:539|Testing/audits/audit_first_night_domain_scores.R:623|Testing/audits/audit_first_night_domain_scores.R:624|Testing/audits/audit_first_night_domain_scores_v2.R:739|Testing/audits/audit_first_night_domain_scores_v2.R:798|Testing/audits/audit_first_night_domain_scores_v2.R:799|Testing/audits/audit_first_night_domain_scores_v2.R:1134|Testing/audits/audit_first_night_heatmap_v2.R:127|Testing/audits/audit_first_night_heatmap_v2.R:131|Testing/audits/audit_first_night_heatmap_v2.R:133|Testing/audits/audit_first_night_heatmap_v2.R:146|Testing/audits/audit_first_night_heatmap_v2.R:243|Testing/audits/audit_first_night_heatmap_v2.R:401|Testing/audits/audit_first_night_heatmap_v2.R:406|Testing/audits/audit_first_night_heatmap_v2.R:580|Testing/audits/audit_first_night_window_sensitivity.R:396|Testing/audits/audit_first_night_window_sensitivity.R:410|Testing/audits/audit_rfid_alternative_inference.R:71|Testing/audits/audit_rfid_conservatism.R:90|Testing/audits/audit_rfid_domain_construct_blind.R:58|Testing/audits/audit_rfid_reliability_and_improvement.R:279,TRUE,blocked_historical_input_lineage_and_writer_collisions
audit_hmm_state_architecture/first_night_domain_heatmap/first_night_domain_source_classification.csv,first_night,46c4fb2db050af78304a5d2d1741d07fa9eb8564ccf8db8517ed2fd6ba29be6b,Testing/audits/audit_first_night_domain_scores_v2.R,same_line_write_call,Testing/audits/audit_first_night_domain_scores_v2.R:263|Testing/audits/audit_first_night_domain_scores_v2.R:264|Testing/audits/audit_first_night_domain_scores_v2.R:1133,TRUE,blocked_historical_input_lineage_and_writer_collisions
audit_hmm_state_architecture/first_night_domain_heatmap/first_night_duplicate_domain_check.csv,first_night,8e9ed5f64378c66c56d93b0a9b5028abc851c9cf9c24885de17100cbcec3125e,Testing/audits/audit_first_night_domain_scores.R,same_line_write_call,Testing/audits/audit_first_night_domain_scores.R:316,TRUE,blocked_historical_input_lineage_and_writer_collisions
audit_hmm_state_architecture/first_night_domain_heatmap/first_night_duplicate_domain_check_v2.csv,first_night,73ba11a7423235daf82f49967d98f222c3030d2ff3cc860bcbd6bc13c7bce0c5,Testing/audits/audit_first_night_domain_scores_v2.R,same_line_write_call,Testing/audits/audit_first_night_domain_scores_v2.R:471|Testing/audits/audit_first_night_domain_scores_v2.R:1144|Testing/audits/audit_first_night_heatmap_v2.R:1146,TRUE,blocked_historical_input_lineage_and_writer_collisions
audit_hmm_state_architecture/first_night_domain_heatmap/first_night_dwell_partition_stability_contrasts.csv,first_night,aa9b47762fb7d4415144b35d5bb02ebc88cc0de5ed57b779ed03dc3750b7efa2,Testing/audits/audit_first_night_dwell_partition_stability.R,same_line_write_call,Testing/audits/audit_first_night_dwell_partition_stability.R:104,TRUE,blocked_historical_input_lineage_and_writer_collisions
audit_hmm_state_architecture/first_night_domain_heatmap/first_night_dwell_partition_stability_values.csv,first_night,059ecbba41ccb123fce208644b0bba493ac3ee7fc03f49eff4c8ec546fa26cfb,Testing/audits/audit_first_night_dwell_partition_stability.R,same_line_write_call,Testing/audits/audit_first_night_dwell_partition_stability.R:103|Testing/audits/audit_first_night_dwell_shipped_vs_refit.R:51,TRUE,blocked_historical_input_lineage_and_writer_collisions
audit_hmm_state_architecture/first_night_domain_heatmap/first_night_dwell_shipped_vs_refit.csv,first_night,f1eafd3345f239ebed463e994ad02c5842706748785062680d1b07e2076553fd,Testing/audits/audit_first_night_dwell_shipped_vs_refit.R,reviewed_multiline_or_figure_helper,Testing/audits/audit_first_night_dwell_shipped_vs_refit.R:73|Testing/audits/audit_first_night_dwell_shipped_vs_refit.R:74,TRUE,blocked_historical_input_lineage_and_writer_collisions
audit_hmm_state_architecture/first_night_domain_heatmap/first_night_fdr_family_definition.csv,first_night,2dda71c9c46d0e78db12b1d7c3da387ffc941680421cbc871453b4e2b025f572,Testing/audits/audit_first_night_domain_scores.R,same_line_write_call,Testing/audits/audit_first_night_domain_scores.R:663,TRUE,blocked_historical_input_lineage_and_writer_collisions
audit_hmm_state_architecture/first_night_domain_heatmap/first_night_final_domain_decision.csv,first_night,67787c345653ec497ffaeacea3992aef4637145449adde507b1fcc1eb6538c71,Testing/audits/audit_first_night_candidate_set_decision.R,same_line_write_call,Testing/audits/audit_first_night_candidate_set_decision.R:405|Testing/audits/audit_first_night_candidate_set_decision.R:406|Testing/audits/audit_first_night_candidate_set_decision.R:769|Testing/audits/audit_first_night_candidate_set_decision.R:919,TRUE,blocked_historical_input_lineage_and_writer_collisions
audit_hmm_state_architecture/first_night_domain_heatmap/first_night_group_sex_interaction_v2.csv,first_night,7f242bcec3abca50b2cc98a7f486e6bb1241129553f0662544fba7787c837d9d,Testing/audits/audit_first_night_domain_scores_v2.R,same_line_write_call,Testing/audits/audit_first_night_domain_scores_v2.R:1033|Testing/audits/audit_first_night_domain_scores_v2.R:1141,TRUE,blocked_historical_input_lineage_and_writer_collisions
audit_hmm_state_architecture/first_night_domain_heatmap/first_night_group_sex_interactions.csv,first_night,5e8659aea274162cb55d126b2006dea769c887848b62fe1bcf63ce4052f1fbdf,Testing/audits/audit_first_night_candidate_set_effects.R,same_line_write_call,Analysis/14_systems_neuroscience_summary_dashboard.R:5814|Analysis/build_publication_release.R:174|Functions/first_night_domain_driver.R:210|Testing/audits/audit_first_night_candidate_set_decision.R:91|Testing/audits/audit_first_night_candidate_set_decision.R:780|Testing/audits/audit_first_night_candidate_set_decision.R:882|Testing/audits/audit_first_night_candidate_set_effects.R:294|Testing/audits/audit_first_night_candidate_set_effects.R:390|Testing/audits/audit_first_night_candidate_set_effects.R:391|Testing/audits/audit_first_night_candidate_set_effects.R:680|Testing/audits/audit_rfid_legacy_vs_new_domains.R:44,TRUE,blocked_historical_input_lineage_and_writer_collisions
audit_hmm_state_architecture/first_night_domain_heatmap/first_night_group_sex_n.csv,first_night,898ed7ea3f8c727374541a9ba5ec24df75a2d6ebc07c043e90c1eebac469c50c,Testing/audits/audit_first_night_domain_scores.R|Testing/audits/audit_first_night_domain_scores_v2.R,multiple_explicit_writers,Testing/audits/audit_first_night_domain_scores.R:653|Testing/audits/audit_first_night_domain_scores_v2.R:809|Testing/audits/audit_first_night_domain_scores_v2.R:819|Testing/audits/audit_first_night_domain_scores_v2.R:1137,TRUE,blocked_historical_input_lineage_and_writer_collisions
audit_hmm_state_architecture/first_night_domain_heatmap/first_night_heatmap_assertions.csv,first_night,1fa6637cbee4c269c139ba795d4637c8145e5f567adc17f6d2d62f1a0285f7ce,Testing/audits/audit_first_night_heatmap_v2.R,same_line_write_call,Testing/audits/audit_first_night_heatmap_v2.R:1017|Testing/audits/audit_first_night_heatmap_v2.R:1018|Testing/audits/audit_first_night_heatmap_v2.R:1183,TRUE,blocked_historical_input_lineage_and_writer_collisions
audit_hmm_state_architecture/first_night_domain_heatmap/first_night_heatmap_readme.md,first_night,e2144615fc1774ab7540110b15fa090b4b87e804f5ac735c60ad3038ad520365,Testing/audits/audit_first_night_heatmap_v2.R,same_line_write_call,Testing/audits/audit_first_night_heatmap_v2.R:29|Testing/audits/audit_first_night_heatmap_v2.R:1190|Testing/audits/audit_first_night_heatmap_v2.R:1191,TRUE,blocked_historical_input_lineage_and_writer_collisions
audit_hmm_state_architecture/first_night_domain_heatmap/first_night_hmm_block_structure_qc.csv,first_night,c054b470c17aab9120f2cf87824fbfc826daabbf80f89ae810ce161aed9b16da,Testing/audits/audit_first_night_hmm_components.R,same_line_write_call,Testing/audits/audit_first_night_hmm_components.R:419,TRUE,blocked_historical_input_lineage_and_writer_collisions
audit_hmm_state_architecture/first_night_domain_heatmap/first_night_hmm_combz_association.csv,first_night,de423251606980fa727e7573b66bdb6a91e2cf2d88bba6567e99d6efc715b677,Testing/audits/audit_first_night_heatmap_v2.R,same_line_write_call,Testing/audits/audit_first_night_heatmap_v2.R:26|Testing/audits/audit_first_night_heatmap_v2.R:750|Testing/audits/audit_first_night_heatmap_v2.R:751|Testing/audits/audit_first_night_heatmap_v2.R:1137|Testing/audits/audit_first_night_heatmap_v2.R:1181,TRUE,blocked_historical_input_lineage_and_writer_collisions
audit_hmm_state_architecture/first_night_domain_heatmap/first_night_hmm_component_animal_features.csv,first_night,1a846b0b84247ba5da6108e4f0f2202e3073196886c9012acc7452f23fd79ed5,Testing/audits/audit_first_night_hmm_components.R,same_line_write_call,Testing/audits/audit_first_night_hmm_components.R:418,TRUE,blocked_historical_input_lineage_and_writer_collisions
audit_hmm_state_architecture/first_night_domain_heatmap/first_night_hmm_component_combz_association.csv,first_night,bbc0aa0db74f58e81e1c9a567f17d3faade0e57c732727cab046c4b7f9c89131,Testing/audits/audit_first_night_hmm_components.R,same_line_write_call,Testing/audits/audit_first_night_hmm_components.R:594,TRUE,blocked_historical_input_lineage_and_writer_collisions
audit_hmm_state_architecture/first_night_domain_heatmap/first_night_hmm_component_features_v2.csv,first_night,91e46f556f0010b96cae0f0937a49378ab5eb5d2767fcd620937b6e113a2e310,Testing/audits/audit_first_night_domain_scores_v2.R,reviewed_multiline_or_figure_helper,Testing/audits/audit_first_night_domain_scores_v2.R:664|Testing/audits/audit_first_night_domain_scores_v2.R:1142|Testing/audits/audit_first_night_heatmap_v2.R:160|Testing/audits/audit_first_night_heatmap_v2.R:164|Testing/audits/audit_first_night_heatmap_v2.R:175|Testing/audits/audit_first_night_heatmap_v2.R:501|Testing/audits/audit_first_night_window_sensitivity.R:398|Testing/audits/audit_first_night_window_sensitivity.R:418,TRUE,blocked_historical_input_lineage_and_writer_collisions
audit_hmm_state_architecture/first_night_domain_heatmap/first_night_hmm_component_interactions.csv,first_night,4c4f313a05fb59bae6229f7c6aaa917f493b3b46cd2348f473219fa5875292b9,Testing/audits/audit_first_night_heatmap_v2.R|Testing/audits/audit_first_night_hmm_components.R,multiple_explicit_writers,Testing/audits/audit_first_night_heatmap_v2.R:24|Testing/audits/audit_first_night_heatmap_v2.R:570|Testing/audits/audit_first_night_heatmap_v2.R:571|Testing/audits/audit_first_night_heatmap_v2.R:1116|Testing/audits/audit_first_night_heatmap_v2.R:1179|Testing/audits/audit_first_night_hmm_components.R:417,TRUE,blocked_historical_input_lineage_and_writer_collisions
audit_hmm_state_architecture/first_night_domain_heatmap/first_night_hmm_component_locomotion_dominance.csv,first_night,b05d4ba1a85f084e4f227e3788c2c359b520ac09f70f0d9963496882d907ea67,Testing/audits/audit_first_night_hmm_components.R,same_line_write_call,Testing/audits/audit_first_night_hmm_components.R:520,TRUE,blocked_historical_input_lineage_and_writer_collisions
audit_hmm_state_architecture/first_night_domain_heatmap/first_night_hmm_component_movement_adjustment.csv,first_night,260ffeeb47e55af69f36989cdc553cab884935aaa4bc559107ae31a0b30491ae,Testing/audits/audit_first_night_hmm_components.R,same_line_write_call,Testing/audits/audit_first_night_candidate_set_decision.R:280|Testing/audits/audit_first_night_candidate_set_decision.R:281|Testing/audits/audit_first_night_hmm_components.R:519,TRUE,blocked_historical_input_lineage_and_writer_collisions
audit_hmm_state_architecture/first_night_domain_heatmap/first_night_hmm_component_resolution_sensitivity.csv,first_night,deb8c912eafdc10019dd27faf8f2cfee0ff44354ac0200a548916fdd85011e77,Testing/audits/audit_first_night_hmm_components.R,same_line_write_call,Testing/audits/audit_first_night_hmm_components.R:455,TRUE,blocked_historical_input_lineage_and_writer_collisions
audit_hmm_state_architecture/first_night_domain_heatmap/first_night_hmm_component_results.csv,first_night,f98ad8ecb412bc1aecb67e1d8944337f83fa213707f5c6b2c32307507973c6ef,Testing/audits/audit_first_night_heatmap_v2.R|Testing/audits/audit_first_night_hmm_components.R,multiple_explicit_writers,Testing/audits/audit_first_night_heatmap_v2.R:23|Testing/audits/audit_first_night_heatmap_v2.R:504|Testing/audits/audit_first_night_heatmap_v2.R:518|Testing/audits/audit_first_night_heatmap_v2.R:519|Testing/audits/audit_first_night_heatmap_v2.R:1178|Testing/audits/audit_first_night_hmm_components.R:416,TRUE,blocked_historical_input_lineage_and_writer_collisions
audit_hmm_state_architecture/first_night_domain_heatmap/first_night_hmm_coverage_missing_animals.csv,first_night,8143603d35adec00450bc81eeb207740d7961a815a387e88b6a689d25decdae4,Testing/audits/audit_first_night_domain_scores.R,same_line_write_call,Testing/audits/audit_first_night_domain_scores.R:476,TRUE,blocked_historical_input_lineage_and_writer_collisions
audit_hmm_state_architecture/first_night_domain_heatmap/first_night_hmm_coverage_v2.csv,first_night,ad0c7b00e6a00bd9ef03ea0329957054aed63291381eca9b24867e935b24c91a,Testing/audits/audit_first_night_domain_scores_v2.R,same_line_write_call,Testing/audits/audit_first_night_domain_scores_v2.R:670|Testing/audits/audit_first_night_domain_scores_v2.R:1147,TRUE,blocked_historical_input_lineage_and_writer_collisions
audit_hmm_state_architecture/first_night_domain_heatmap/first_night_hmm_cross_resolution_dwell.csv,first_night,f556e88070abc74b6810048f2278a8f0e683b164d8967f1772a8fe949b67cee6,Testing/audits/audit_first_night_domain_scores.R,same_line_write_call,Testing/audits/audit_first_night_domain_scores.R:495,TRUE,blocked_historical_input_lineage_and_writer_collisions
audit_hmm_state_architecture/first_night_domain_heatmap/first_night_hmm_first_block_features.csv,first_night,e57fadf96d75ca4e70bdd7de4186e217ad5fc6a6f2c5407c1f7de24568c4f3b8,Testing/audits/audit_first_night_domain_scores.R,same_line_write_call,Testing/audits/audit_first_night_domain_scores.R:537,TRUE,blocked_historical_input_lineage_and_writer_collisions
audit_hmm_state_architecture/first_night_domain_heatmap/first_night_hmm_first_block_geometry.csv,first_night,7e3a2a187a3bf5d5a614eea2d5880691af8d9fb4887c3f9f505f8a0885992db4,Testing/audits/audit_first_night_domain_scores.R,same_line_write_call,Testing/audits/audit_first_night_domain_scores.R:475,TRUE,blocked_historical_input_lineage_and_writer_collisions
audit_hmm_state_architecture/first_night_domain_heatmap/first_night_hmm_movement_adjustment.csv,first_night,902fe91b35a4af138f3a07a73beb399f0512d0ba194edb6f9b42d0ad2e1e5a5c,Testing/audits/audit_first_night_heatmap_v2.R,same_line_write_call,Testing/audits/audit_first_night_heatmap_v2.R:25|Testing/audits/audit_first_night_heatmap_v2.R:642|Testing/audits/audit_first_night_heatmap_v2.R:643|Testing/audits/audit_first_night_heatmap_v2.R:1180,TRUE,blocked_historical_input_lineage_and_writer_collisions
audit_hmm_state_architecture/first_night_domain_heatmap/first_night_hmm_production_reconciliation.csv,first_night,98dd2f2e5a2cc7e85aa7d2ced6a93ccab0d753879947f503e0743cfca4bc3e2c,Testing/audits/audit_first_night_hmm_components.R,same_line_write_call,Testing/audits/audit_first_night_hmm_components.R:660,TRUE,blocked_historical_input_lineage_and_writer_collisions
audit_hmm_state_architecture/first_night_domain_heatmap/first_night_hmm_state_semantics.csv,first_night,8fba7c3617dc9e17e704c77f27dfc74ee11b081dea04bc5b42995d77c454e0db,Testing/audits/audit_first_night_domain_scores.R,same_line_write_call,Testing/audits/audit_first_night_domain_scores.R:477,TRUE,blocked_historical_input_lineage_and_writer_collisions
audit_hmm_state_architecture/first_night_domain_heatmap/first_night_hmm_state_semantics_v2.csv,first_night,a7926060920e77389f23b9deb73f2a3caf5d605c68e88aeae03e64ceaa3560e3,Testing/audits/audit_first_night_domain_scores_v2.R,same_line_write_call,Testing/audits/audit_first_night_candidate_set_decision.R:280|Testing/audits/audit_first_night_domain_scores_v2.R:662|Testing/audits/audit_first_night_domain_scores_v2.R:1143|Testing/audits/audit_first_night_heatmap_v2.R:166,TRUE,blocked_historical_input_lineage_and_writer_collisions
audit_hmm_state_architecture/first_night_domain_heatmap/first_night_hmm_state_space_semantics.csv,first_night,9fcd27f6313b8241a0ab359edb001bf328edea28b49a3e70441c9a81dedab25c,Testing/audits/audit_first_night_hmm_components.R,same_line_write_call,Testing/audits/audit_first_night_hmm_components.R:421,TRUE,blocked_historical_input_lineage_and_writer_collisions
audit_hmm_state_architecture/first_night_domain_heatmap/first_night_hmm_window_equivalence_assertions.csv,first_night,830baacd70339793c95f4c8efaae3a9205477d72aa623547fe259ce80a6db76a,Testing/audits/audit_first_night_domain_scores_v2.R,same_line_write_call,Testing/audits/audit_first_night_domain_scores_v2.R:655|Testing/audits/audit_first_night_domain_scores_v2.R:656|Testing/audits/audit_first_night_domain_scores_v2.R:1138,TRUE,blocked_historical_input_lineage_and_writer_collisions
audit_hmm_state_architecture/first_night_domain_heatmap/first_night_hmm_window_provenance_impurity.csv,first_night,36688d75f070ccbaeb72d7cb42c6a799d2559325ee5380032658cc2fea32758f,Testing/audits/audit_first_night_hmm_components.R,same_line_write_call,Testing/audits/audit_first_night_hmm_components.R:420,TRUE,blocked_historical_input_lineage_and_writer_collisions
audit_hmm_state_architecture/first_night_domain_heatmap/first_night_leakage_assertions.csv,first_night,693c33243192a11dd087c63fe1ad85fd175f31b35e6afa8924bc5faa19783690,Testing/audits/audit_first_night_domain_scores_v2.R,same_line_write_call,Testing/audits/audit_first_night_domain_scores_v2.R:733|Testing/audits/audit_first_night_domain_scores_v2.R:734|Testing/audits/audit_first_night_domain_scores_v2.R:1139,TRUE,blocked_historical_input_lineage_and_writer_collisions
audit_hmm_state_architecture/first_night_domain_heatmap/first_night_locomotion_dominance.csv,first_night,f39e65b6bf701b69c78282cd82c849628ebad26cd07a1c48d2c97ede48ea49f3,Testing/audits/audit_first_night_domain_scores.R,same_line_write_call,Testing/audits/audit_first_night_domain_scores.R:798,TRUE,blocked_historical_input_lineage_and_writer_collisions
audit_hmm_state_architecture/first_night_domain_heatmap/first_night_locomotion_dominance_v2.csv,first_night,2ca01545b92898a05317637eb7d5ffca4ccc6019d4a5e346401a8cda4921ba43,Testing/audits/audit_first_night_domain_scores_v2.R,same_line_write_call,Testing/audits/audit_first_night_domain_scores_v2.R:961|Testing/audits/audit_first_night_domain_scores_v2.R:1145,TRUE,blocked_historical_input_lineage_and_writer_collisions
audit_hmm_state_architecture/first_night_domain_heatmap/first_night_multiplicity_sensitivity.csv,first_night,b7fbb29fc279d350a3824b58ed5722853477808f03732ec07add88df4a41cff7,Testing/audits/audit_first_night_candidate_set_effects.R,same_line_write_call,Testing/audits/audit_first_night_candidate_set_decision.R:701|Testing/audits/audit_first_night_candidate_set_decision.R:780|Testing/audits/audit_first_night_candidate_set_effects.R:425|Testing/audits/audit_first_night_candidate_set_effects.R:515|Testing/audits/audit_first_night_candidate_set_effects.R:516,TRUE,blocked_historical_input_lineage_and_writer_collisions
audit_hmm_state_architecture/first_night_domain_heatmap/first_night_raw_cc1_active_block_geometry.csv,first_night,35c312e1d83fbdefa29b0359b157562a6bcde130ceee3072ea71ede6bf5520ca,Testing/audits/audit_first_night_domain_scores.R,same_line_write_call,Testing/audits/audit_first_night_domain_scores.R:229,TRUE,blocked_historical_input_lineage_and_writer_collisions
audit_hmm_state_architecture/first_night_domain_heatmap/first_night_raw_feature_missingness.csv,first_night,16128aee5c1dab35af054a329a2279a900361de9cf86b236838dfa66d866056e,Testing/audits/audit_first_night_domain_scores.R,same_line_write_call,Testing/audits/audit_first_night_domain_scores.R:299,TRUE,blocked_historical_input_lineage_and_writer_collisions
audit_hmm_state_architecture/first_night_domain_heatmap/first_night_raw_window_impurity.csv,first_night,f428f5f5b181b7e4afc258536128f61c1f6864e0084b302fee0eafb219e2ab19,Testing/audits/audit_first_night_domain_scores.R,same_line_write_call,Testing/audits/audit_first_night_domain_scores.R:228,TRUE,blocked_historical_input_lineage_and_writer_collisions
audit_hmm_state_architecture/first_night_domain_heatmap/first_night_reconciliation_with_production.csv,first_night,6745f8f21477217269145bd3f0aa09464cc888b64c82017e9302a961b85ef5fc,Testing/audits/audit_first_night_domain_scores.R,same_line_write_call,Testing/audits/audit_first_night_domain_scores.R:953,TRUE,blocked_historical_input_lineage_and_writer_collisions
audit_hmm_state_architecture/first_night_domain_heatmap/first_night_time_anchor_audit.csv,first_night,0edc98ece93d5a16fdd0e09e2ed6c30ca6fd2bb475abe9054a13047896829a7b,Testing/audits/audit_first_night_time_anchor.R,same_line_write_call,Testing/audits/audit_first_night_time_anchor.R:145,TRUE,blocked_historical_input_lineage_and_writer_collisions
audit_hmm_state_architecture/first_night_domain_heatmap/first_night_time_anchor_audit_long.csv,first_night,9dd3ca0e5bf2f4bfe5e5d0d1b09a6b12056f134b9b20b3465b75b380900b67ca,Testing/audits/audit_first_night_time_anchor.R,same_line_write_call,Testing/audits/audit_first_night_candidate_set_decision.R:782|Testing/audits/audit_first_night_candidate_set_scores.R:163|Testing/audits/audit_first_night_candidate_set_scores.R:223|Testing/audits/audit_first_night_domain_scores_v2.R:271|Testing/audits/audit_first_night_domain_scores_v2.R:348|Testing/audits/audit_first_night_time_anchor.R:146,TRUE,blocked_historical_input_lineage_and_writer_collisions
audit_hmm_state_architecture/first_night_domain_heatmap/first_night_v1_countrule_vs_v2_clockwindow.csv,first_night,b713a19a367475595a8b833df7bc4a6755be204d22f6bd007e244c9d2792fee8,Testing/audits/audit_first_night_domain_scores_v2.R,same_line_write_call,Testing/audits/audit_first_night_domain_scores_v2.R:1125|Testing/audits/audit_first_night_domain_scores_v2.R:1148,TRUE,blocked_historical_input_lineage_and_writer_collisions
audit_hmm_state_architecture/first_night_domain_heatmap/first_night_volatility_formula_deviation.csv,first_night,0aec910ea1145dfcd2d1c1b9e3aef2a7b65c809a74d5edc3fe94d7f9bc585cfc,Testing/audits/audit_first_night_domain_scores.R,reviewed_multiline_or_figure_helper,Testing/audits/audit_first_night_domain_scores.R:999,TRUE,blocked_historical_input_lineage_and_writer_collisions
audit_hmm_state_architecture/first_night_domain_heatmap/first_night_volatility_multiplicity_focus.csv,first_night,ac05997c3e56bf46af4fbbd6247a73539743588304355b014b70ac076c5f4e3e,Testing/audits/audit_first_night_candidate_set_effects.R,same_line_write_call,Testing/audits/audit_first_night_candidate_set_decision.R:701|Testing/audits/audit_first_night_candidate_set_effects.R:544|Testing/audits/audit_first_night_candidate_set_effects.R:575|Testing/audits/audit_first_night_candidate_set_effects.R:576,TRUE,blocked_historical_input_lineage_and_writer_collisions
audit_hmm_state_architecture/first_night_domain_heatmap/first_night_vs_all_cc1_active_assertions.csv,first_night,3cfe9424032265dcf39ed7d3ab41ba86ca39a6cead28d0c2ef1c628cf3721a4e,Testing/audits/audit_first_night_window_sensitivity.R,same_line_write_call,Testing/audits/audit_first_night_window_sensitivity.R:695|Testing/audits/audit_first_night_window_sensitivity.R:704,TRUE,blocked_historical_input_lineage_and_writer_collisions
audit_hmm_state_architecture/first_night_domain_heatmap/first_night_vs_all_cc1_active_correlations.csv,first_night,76015173a38a82208eb6ecadbe235fb5a16ed0dcb0f47a2edfd89fe7c9f2d571,Testing/audits/audit_first_night_window_sensitivity.R,reviewed_multiline_or_figure_helper,Testing/audits/audit_first_night_window_sensitivity.R:475|Testing/audits/audit_first_night_window_sensitivity.R:702,TRUE,blocked_historical_input_lineage_and_writer_collisions
audit_hmm_state_architecture/first_night_domain_heatmap/first_night_vs_all_cc1_active_epoch_geometry.csv,first_night,5c142bf5c5b2a004f418d11e5d90c2ef0532b7650483b065d3958d4c46cc8650,Testing/audits/audit_first_night_window_sensitivity.R,same_line_write_call,Testing/audits/audit_first_night_window_sensitivity.R:349|Testing/audits/audit_first_night_window_sensitivity.R:703,TRUE,blocked_historical_input_lineage_and_writer_collisions
audit_hmm_state_architecture/first_night_domain_heatmap/first_night_vs_all_cc1_active_sensitivity.csv,first_night,482c216cc874a062a01d35485696bb1e2742f9b61f754c2d9164a1d86512c4ab,Testing/audits/audit_first_night_window_sensitivity.R,same_line_write_call,Testing/audits/audit_first_night_window_sensitivity.R:615|Testing/audits/audit_first_night_window_sensitivity.R:616|Testing/audits/audit_first_night_window_sensitivity.R:701,TRUE,blocked_historical_input_lineage_and_writer_collisions
audit_hmm_state_architecture/first_night_domain_heatmap/first_night_vs_longitudinal_persistence.csv,first_night,d4b11462eb026e7e68d34f4d01ba0a6b532314c5bdea79ca4f1c48eafe9d9141,Testing/audits/audit_first_night_hmm_components.R,same_line_write_call,Testing/audits/audit_first_night_hmm_components.R:679,TRUE,blocked_historical_input_lineage_and_writer_collisions
audit_hmm_state_architecture/first_night_domain_heatmap/first_night_vs_production_cc1_reconciliation.csv,first_night,7a0c3125ab81aa66b9dadab66a914a268b0992801a354818f72f324d23614486,Testing/audits/audit_first_night_heatmap_v2.R,same_line_write_call,Testing/audits/audit_first_night_heatmap_v2.R:30|Testing/audits/audit_first_night_heatmap_v2.R:994|Testing/audits/audit_first_night_heatmap_v2.R:995|Testing/audits/audit_first_night_heatmap_v2.R:1096|Testing/audits/audit_first_night_heatmap_v2.R:1170|Testing/audits/audit_first_night_heatmap_v2.R:1182,TRUE,blocked_historical_input_lineage_and_writer_collisions
audit_hmm_state_architecture/first_night_domain_heatmap/first_night_window_contract.csv,first_night,efa1696c87bae164747361dd28a0d9e13a7c8345d0ea9f3270a7787e3c06b139,Testing/audits/audit_first_night_time_anchor.R,same_line_write_call,Analysis/14_systems_neuroscience_summary_dashboard.R:5802|Analysis/build_publication_release.R:172|Functions/first_night_domain_driver.R:201|Testing/audits/audit_first_night_time_anchor.R:147,TRUE,blocked_historical_input_lineage_and_writer_collisions
audit_hmm_state_architecture/first_night_domain_heatmap/stage09_downstream_consumer_audit.csv,first_night,0d484f8a0e849e92af679ece9a3c4439eebb5d28d2e1e310cd8d7ccdcc661f17,Testing/audits/audit_stage09_stale_artifacts.R,same_line_write_call,Testing/audits/audit_stage09_stale_artifacts.R:155|Testing/audits/audit_stage09_stale_artifacts.R:168,TRUE,blocked_historical_input_lineage_and_writer_collisions
audit_hmm_state_architecture/first_night_domain_heatmap/stage09_stale_artifact_audit.csv,first_night,762cce014579eff0e4fa068aaf6f3ceec366eab442d239b2f26c55d660efb0df,Testing/audits/audit_stage09_stale_artifacts.R,same_line_write_call,Testing/audits/audit_first_night_candidate_set_decision.R:672|Testing/audits/audit_stage09_stale_artifacts.R:119|Testing/audits/audit_stage09_stale_artifacts.R:168,TRUE,blocked_historical_input_lineage_and_writer_collisions
audit_hmm_state_architecture/hmm_architecture_check_a_counts.csv,other,caa57797f537a023b8faeb04ea1cb2b7a48ab4c459cb8399c89a64d47792429d,Testing/audits/audit_hmm_state_architecture_components.R,same_line_write_call,Testing/audits/audit_hmm_state_architecture_components.R:707,TRUE,blocked_historical_input_lineage_and_writer_collisions
audit_hmm_state_architecture/hmm_architecture_check_b2_vs_shipped_artifact.csv,other,42fa749854933ee68cf785da16efcee36a39ab5a0ae222c58644c60fd3252e1b,Testing/audits/audit_hmm_state_architecture_components.R,same_line_write_call,Testing/audits/audit_hmm_state_architecture_components.R:762,TRUE,blocked_historical_input_lineage_and_writer_collisions
audit_hmm_state_architecture/hmm_architecture_check_b_composite_reproduction.csv,other,4c2d3da33cb2c4471614687f7ab5559042127cb87c456f66683fcb0d9e91023a,Testing/audits/audit_hmm_state_architecture_components.R,same_line_write_call,Testing/audits/audit_hmm_state_architecture_components.R:723,TRUE,blocked_historical_input_lineage_and_writer_collisions
audit_hmm_state_architecture/hmm_architecture_check_c_social_zero.csv,other,4523354554ad9a5e308cf405f73c0a23b5938422785b3c35d9ce707afd7ed138,Testing/audits/audit_hmm_state_architecture_components.R,same_line_write_call,Testing/audits/audit_hmm_state_architecture_components.R:783,TRUE,blocked_historical_input_lineage_and_writer_collisions
audit_hmm_state_architecture/hmm_architecture_check_d_complementarity.csv,other,03179afdd260fc7df8d1590599b5cd9290d81573a24152ada1c3d2b59366b241,Testing/audits/audit_hmm_state_architecture_components.R,same_line_write_call,Testing/audits/audit_hmm_state_architecture_components.R:802,TRUE,blocked_historical_input_lineage_and_writer_collisions
audit_hmm_state_architecture/hmm_architecture_check_e2_geometric_dwell_per_state.csv,other,2df95535d9c3cd41888ad2ac3d2acd2f76d141324108061bc1b66df61ea5025b,Testing/audits/audit_hmm_state_architecture_components.R,same_line_write_call,Testing/audits/audit_hmm_state_architecture_components.R:885,TRUE,blocked_historical_input_lineage_and_writer_collisions
audit_hmm_state_architecture/hmm_architecture_check_e3_degenerate_epochs.csv,other,20f7f1fdc82889788f0f244a623a98800736fb74461e01e6ebcbdccc26ba38eb,Testing/audits/audit_hmm_state_architecture_components.R,same_line_write_call,Testing/audits/audit_hmm_state_architecture_components.R:898,TRUE,blocked_historical_input_lineage_and_writer_collisions
audit_hmm_state_architecture/hmm_architecture_check_e_geometric_dwell.csv,other,ba7a294813f238e8ff3febc3c0ec24e614d20b2a3b5eb2115c3d1fdb78160547,Testing/audits/audit_hmm_state_architecture_components.R,same_line_write_call,Testing/audits/audit_hmm_state_architecture_components.R:822,TRUE,blocked_historical_input_lineage_and_writer_collisions
audit_hmm_state_architecture/hmm_architecture_check_f_entropy_ranges.csv,other,91b3420c0284d394b2ea9618873bd48a2d28d246c5676e4c8b1f4a7e34777c8f,Testing/audits/audit_hmm_state_architecture_components.R,same_line_write_call,Testing/audits/audit_hmm_state_architecture_components.R:930,TRUE,blocked_historical_input_lineage_and_writer_collisions
audit_hmm_state_architecture/hmm_architecture_check_f_estimator_identities.csv,other,aed1e32c82e7ccf83528aff64528a6cb7e71ef41df529920c0cdf1a317656c92,Testing/audits/audit_hmm_state_architecture_components.R,reviewed_multiline_or_figure_helper,Testing/audits/audit_hmm_state_architecture_components.R:933,TRUE,blocked_historical_input_lineage_and_writer_collisions
audit_hmm_state_architecture/hmm_architecture_check_g2_length_dependence_by_phase.csv,other,abac1562b1c35b86f80eb32d250699542f59909cf9f1ea4af8875da5dddbfb50,Testing/audits/audit_hmm_state_architecture_components.R,same_line_write_call,Testing/audits/audit_hmm_state_architecture_components.R:973,TRUE,blocked_historical_input_lineage_and_writer_collisions
audit_hmm_state_architecture/hmm_architecture_check_g3_short_vs_standard_entropy.csv,other,216ba4f01b7b8fc79bef2dcf0f6f0a47c034c58558476c5cb73caac130784d37,Testing/audits/audit_hmm_state_architecture_components.R,same_line_write_call,Testing/audits/audit_hmm_state_architecture_components.R:1010,TRUE,blocked_historical_input_lineage_and_writer_collisions
audit_hmm_state_architecture/hmm_architecture_check_g4_short_vs_standard_hedges_g.csv,other,b07cce0fe7867e4addbdb8ccce172ca979a89da3371a4cbdfd9b34955dfcd0f8,Testing/audits/audit_hmm_state_architecture_components.R,same_line_write_call,Testing/audits/audit_hmm_state_architecture_components.R:1011,TRUE,blocked_historical_input_lineage_and_writer_collisions
audit_hmm_state_architecture/hmm_architecture_check_g4c_length_dependence_standard_epochs.csv,other,c79da7757954a7e7ff7f3fb93110d74f0bc91b267bd81b234b3eb712e1a8c727,Testing/audits/audit_hmm_state_architecture_components.R,same_line_write_call,Testing/audits/audit_hmm_state_architecture_components.R:1037,TRUE,blocked_historical_input_lineage_and_writer_collisions
audit_hmm_state_architecture/hmm_architecture_check_g5_exact_redundancy.csv,other,70cb0b2768b7990bc9fdb14f5e711fb23853512bdcffd9a36d20a114f6e7117b,Testing/audits/audit_hmm_state_architecture_components.R,same_line_write_call,Testing/audits/audit_hmm_state_architecture_components.R:1069,TRUE,blocked_historical_input_lineage_and_writer_collisions
audit_hmm_state_architecture/hmm_architecture_check_g_length_dependence.csv,other,63bb34087d7118700b8e7ccacb96f5a830a460b537959e25e0171cfc96d85e48,Testing/audits/audit_hmm_state_architecture_components.R,same_line_write_call,Testing/audits/audit_hmm_state_architecture_components.R:972,TRUE,blocked_historical_input_lineage_and_writer_collisions
audit_hmm_state_architecture/hmm_architecture_check_h_bin_size_dependence.csv,other,39c9f8b539895a2d05de5cb6ba04da371e5d2369ff32f386ee2da7cd492f3157,Testing/audits/audit_hmm_state_architecture_components.R,same_line_write_call,Testing/audits/audit_hmm_state_architecture_components.R:1088,TRUE,blocked_historical_input_lineage_and_writer_collisions
audit_hmm_state_architecture/hmm_architecture_check_i_duration_and_completeness.csv,other,9b4f98db3d244fadc0f1b31d17a94aeed5d834ac7a1d2118dcca151c46602084,Testing/audits/audit_hmm_state_architecture_components.R,same_line_write_call,Testing/audits/audit_hmm_state_architecture_components.R:1124,TRUE,blocked_historical_input_lineage_and_writer_collisions
audit_hmm_state_architecture/hmm_architecture_check_j2_read_density_within_context.csv,other,6b1a13b63e468d26210e9d2e99086b470982cac4a1ac73c4ce8bf80fa399724c,Testing/audits/audit_hmm_state_architecture_components.R,same_line_write_call,Testing/audits/audit_hmm_state_architecture_components.R:1176,TRUE,blocked_historical_input_lineage_and_writer_collisions
audit_hmm_state_architecture/hmm_architecture_check_j3_read_density_animal_level.csv,other,f2b3479a82358e9050db07c22503bac9568c7f75e481c6278915075ea7c09e26,Testing/audits/audit_hmm_state_architecture_components.R,same_line_write_call,Testing/audits/audit_hmm_state_architecture_components.R:1195,TRUE,blocked_historical_input_lineage_and_writer_collisions
audit_hmm_state_architecture/hmm_architecture_check_j4_read_density_by_group.csv,other,3f2855fca1bf29380a7b592ac50eb7cd63fa0b77ff914d9120ab182129d8dbc5,Testing/audits/audit_hmm_state_architecture_components.R,same_line_write_call,Testing/audits/audit_hmm_state_architecture_components.R:1210,TRUE,blocked_historical_input_lineage_and_writer_collisions
audit_hmm_state_architecture/hmm_architecture_check_j5_active_dropout_epochs.csv,other,d1d9376572aca8b6a531a152b7d1017f8411dbd28b269e1dff12713ec0b26ffa,Testing/audits/audit_hmm_state_architecture_components.R,same_line_write_call,Testing/audits/audit_hmm_state_architecture_components.R:1228,TRUE,blocked_historical_input_lineage_and_writer_collisions
audit_hmm_state_architecture/hmm_architecture_check_j_read_density_pooled.csv,other,4bbb5cc38027f9b253e13ec67e535e783c3c6c158b8a698cf2789169ac747ebd,Testing/audits/audit_hmm_state_architecture_components.R,same_line_write_call,Testing/audits/audit_hmm_state_architecture_components.R:1154,TRUE,blocked_historical_input_lineage_and_writer_collisions
audit_hmm_state_architecture/hmm_architecture_check_k2_covariate_sensitivity.csv,other,f4a7f19a622469ec90b4870ed6a1d97b8afbd5fae434f2f5e91b487b92f4018d,Testing/audits/audit_hmm_state_architecture_components.R,same_line_write_call,Testing/audits/audit_hmm_state_architecture_components.R:1405,TRUE,blocked_historical_input_lineage_and_writer_collisions
audit_hmm_state_architecture/hmm_architecture_check_k_model_sensitivity.csv,other,d7ce6f4cb25bd531d03e078aebd70bf82d7ecdb67a2fbdf27abf52e1fb67f899,Testing/audits/audit_hmm_state_architecture_components.R,same_line_write_call,Testing/audits/audit_hmm_state_architecture_components.R:1341,TRUE,blocked_historical_input_lineage_and_writer_collisions
audit_hmm_state_architecture/hmm_architecture_check_l1_length_design_collinearity.csv,other,c1f00c109c99457d70b423c31feae4d314d86b26d92f525ab5c3f96adf44ff57,Testing/audits/audit_hmm_state_architecture_components.R,same_line_write_call,Testing/audits/audit_hmm_state_architecture_components.R:1442,TRUE,blocked_historical_input_lineage_and_writer_collisions
audit_hmm_state_architecture/hmm_architecture_check_l2_subsampling_length_bias.csv,other,0972ab182245246556e86859b89b1ee9172e64fb42b7cd04667646bc99b301ca,Testing/audits/audit_hmm_state_architecture_components.R,same_line_write_call,Testing/audits/audit_hmm_state_architecture_components.R:1530|Testing/audits/audit_hmm_state_architecture_redundancy.R:639,TRUE,blocked_historical_input_lineage_and_writer_collisions
audit_hmm_state_architecture/hmm_architecture_check_l3_group_differences_transition_entropy.csv,other,16f2d71e7fd0458c01fd3c21ecba826b3841ceeee803a7646efee18666bc8d79,Testing/audits/audit_hmm_state_architecture_components.R,same_line_write_call,Testing/audits/audit_hmm_state_architecture_components.R:1543,TRUE,blocked_historical_input_lineage_and_writer_collisions
audit_hmm_state_architecture/hmm_architecture_check_m_temporal_contiguity.csv,other,e2fe24743adebe7b3ad1dcb7a5a547da363f52dbe73d335d53d376c1a1e25826,Testing/audits/audit_hmm_state_architecture_components.R,same_line_write_call,Testing/audits/audit_hmm_state_architecture_components.R:1589,TRUE,blocked_historical_input_lineage_and_writer_collisions
audit_hmm_state_architecture/hmm_architecture_component_correlations.csv,other,a6810ac833100152ccea2be04277684617eea9bc977e29d97f1867fd200c2fb6,Testing/audits/audit_hmm_state_architecture_redundancy.R,same_line_write_call,Testing/audits/audit_hmm_state_architecture_redundancy.R:328|Testing/audits/audit_hmm_state_architecture_redundancy.R:329,TRUE,blocked_historical_input_lineage_and_writer_collisions
audit_hmm_state_architecture/hmm_architecture_component_coupling.csv,other,e9430808ac7a7ddc8d0d27e3c2c91ac13bafe1e9c8d873027cef8607708d8634,Testing/audits/audit_hmm_state_architecture_redundancy.R,same_line_write_call,Testing/audits/audit_hmm_state_architecture_redundancy.R:500,TRUE,blocked_historical_input_lineage_and_writer_collisions
audit_hmm_state_architecture/hmm_architecture_component_descriptives.csv,other,bcd603588a8da41118f307e240791bc0a701de5603059b9d6c999a1f1d838151,Testing/audits/audit_hmm_state_architecture_components.R,same_line_write_call,Testing/audits/audit_hmm_state_architecture_components.R:1626,TRUE,blocked_historical_input_lineage_and_writer_collisions
audit_hmm_state_architecture/hmm_architecture_component_distributions.csv,other,8a0658801a1f09e541f6525f0e359d398e27742914cc1fb0b283a69f8e6cb39b,Testing/audits/audit_hmm_state_architecture_redundancy.R,same_line_write_call,Testing/audits/audit_hmm_state_architecture_redundancy.R:563|Testing/audits/audit_hmm_state_architecture_redundancy.R:564,TRUE,blocked_historical_input_lineage_and_writer_collisions
audit_hmm_state_architecture/hmm_architecture_component_epoch_metrics.csv,other,c6c4745af4c5e7d0a67307211cbc92ff7e6bd3b9b7f737eb4d9b2a84137cee43,Testing/audits/audit_hmm_state_architecture_components.R,reviewed_multiline_or_figure_helper,Testing/audits/audit_hmm_state_architecture_component_models.R:42|Testing/audits/audit_hmm_state_architecture_component_models.R:120|Testing/audits/audit_hmm_state_architecture_components.R:671|Testing/audits/audit_hmm_state_architecture_construct_comparison.R:749|Testing/audits/audit_hmm_state_architecture_longitudinal.R:123|Testing/audits/audit_hmm_state_architecture_phaseA_formula_units_qc.R:9|Testing/audits/audit_hmm_state_architecture_phaseA_gapaware_contrasts.R:8|Testing/audits/audit_hmm_state_architecture_phaseA_partition_and_gap.R:136|Testing/audits/audit_hmm_state_architecture_redundancy.R:100,TRUE,blocked_historical_input_lineage_and_writer_collisions
audit_hmm_state_architecture/hmm_architecture_component_interactions.csv,other,0a32c7eb5ae307432271c8759580e8bd4163fb8bf466593607bd313c71b26ffd,Testing/audits/audit_hmm_state_architecture_component_models.R,reviewed_multiline_or_figure_helper,Testing/audits/audit_hmm_state_architecture_component_models.R:46|Testing/audits/audit_hmm_state_architecture_component_models.R:470,TRUE,blocked_historical_input_lineage_and_writer_collisions
audit_hmm_state_architecture/hmm_architecture_component_leaveout_sensitivity.csv,other,7e2b9300c43467e1ed044b582489c33d3e84b8f3adc133f663b549e9f59780d6,Testing/audits/audit_hmm_state_architecture_component_models.R,reviewed_multiline_or_figure_helper,Testing/audits/audit_hmm_state_architecture_component_models.R:680,TRUE,blocked_historical_input_lineage_and_writer_collisions
audit_hmm_state_architecture/hmm_architecture_component_pca.csv,other,20292308dbe40ddde72681ac772832669f7cacd6efa2d1ef9825b0cee0b9bd93,Testing/audits/audit_hmm_state_architecture_redundancy.R,same_line_write_call,Testing/audits/audit_hmm_state_architecture_redundancy.R:781|Testing/audits/audit_hmm_state_architecture_redundancy.R:782,TRUE,blocked_historical_input_lineage_and_writer_collisions
audit_hmm_state_architecture/hmm_architecture_component_rankings.csv,other,7a903dd64f1f4b3a92c12b0e23b40ee3ed56b580ddd2c80e46368d94a98b810d,Testing/audits/audit_hmm_state_architecture_component_models.R,reviewed_multiline_or_figure_helper,Testing/audits/audit_hmm_state_architecture_component_models.R:47|Testing/audits/audit_hmm_state_architecture_component_models.R:549,TRUE,blocked_historical_input_lineage_and_writer_collisions
audit_hmm_state_architecture/hmm_architecture_component_redundancy_mirror_check.csv,other,9969b791f0a61f5f80041e372a54574a1fd8ee8350a51654166e4a5f4dba9e9d,Testing/audits/audit_hmm_state_architecture_component_models.R,reviewed_multiline_or_figure_helper,Testing/audits/audit_hmm_state_architecture_component_models.R:48|Testing/audits/audit_hmm_state_architecture_component_models.R:513,TRUE,blocked_historical_input_lineage_and_writer_collisions
audit_hmm_state_architecture/hmm_architecture_component_results.csv,other,61fe930f2a7924252ec6c7052ef23c6bc68ec49feed555e9d1629e98dac9164d,Testing/audits/audit_hmm_state_architecture_component_models.R,reviewed_multiline_or_figure_helper,Testing/audits/audit_hmm_state_architecture_component_models.R:45|Testing/audits/audit_hmm_state_architecture_component_models.R:441,TRUE,blocked_historical_input_lineage_and_writer_collisions
audit_hmm_state_architecture/hmm_architecture_component_scale_artefacts.csv,other,5907bcf77164387de1c7670f7afd40b32fb854ce9260a52b3b54b29666e7feb6,Testing/audits/audit_hmm_state_architecture_redundancy.R,reviewed_multiline_or_figure_helper,Testing/audits/audit_hmm_state_architecture_redundancy.R:710,TRUE,blocked_historical_input_lineage_and_writer_collisions
audit_hmm_state_architecture/hmm_architecture_component_spearman_correlations.csv,other,5c889e260a1f7caad436f251d4a21ae116530c429308cc143770ba440ff7a961,Testing/audits/audit_hmm_state_architecture_components.R,same_line_write_call,Testing/audits/audit_hmm_state_architecture_components.R:1609,TRUE,blocked_historical_input_lineage_and_writer_collisions
audit_hmm_state_architecture/hmm_architecture_composite_additive_decomposition.csv,other,9e5c0a99b8fed6a83bc6c56874d6993d4cf65670cfe71d15ccbed1748e217bf0,Testing/audits/audit_hmm_state_architecture_component_models.R,reviewed_multiline_or_figure_helper,Testing/audits/audit_hmm_state_architecture_component_models.R:606,TRUE,blocked_historical_input_lineage_and_writer_collisions
audit_hmm_state_architecture/hmm_architecture_composite_loading.csv,other,42697e0082588599cf2b443a03918a31040d54b89540dfc364ab9a44ed0f9dec,Testing/audits/audit_hmm_state_architecture_components.R,same_line_write_call,Testing/audits/audit_hmm_state_architecture_components.R:1658,TRUE,blocked_historical_input_lineage_and_writer_collisions
audit_hmm_state_architecture/hmm_architecture_construct_agreement.csv,other,bbb2b998fdabfbb70a787a3008092951da29408f4008de6d2cb20b44de877531,Testing/audits/audit_hmm_state_architecture_construct_comparison.R,same_line_write_call,Testing/audits/audit_hmm_state_architecture_construct_comparison.R:743,TRUE,blocked_historical_input_lineage_and_writer_collisions
audit_hmm_state_architecture/hmm_architecture_construct_comparison.csv,other,ab738d5907f56fff3c812d7bdda8c5c327b1fbfb1d46cf399a25dacbfa1d83bd,Testing/audits/audit_hmm_state_architecture_construct_comparison.R,same_line_write_call,Testing/audits/audit_hmm_state_architecture_construct_comparison.R:1050|Testing/audits/audit_hmm_state_architecture_construct_comparison.R:1051|Testing/audits/audit_hmm_state_architecture_construct_comparison.R:1335,TRUE,blocked_historical_input_lineage_and_writer_collisions
audit_hmm_state_architecture/hmm_architecture_construct_comparison_structural.csv,other,e157d97b924511783df428e768ad1595ab6c77a5bc5dc9f5debd9b57c2c22df8,Testing/audits/audit_hmm_state_architecture_construct_comparison.R,same_line_write_call,Testing/audits/audit_hmm_state_architecture_construct_comparison.R:1077|Testing/audits/audit_hmm_state_architecture_construct_comparison.R:1078,TRUE,blocked_historical_input_lineage_and_writer_collisions
audit_hmm_state_architecture/hmm_architecture_construct_comparison_summary.md,other,a324e7c7f929c626d44cb64182030911759e5e4f3bc86deae300cad31bdba4be,Testing/audits/audit_hmm_state_architecture_construct_comparison.R,same_line_write_call,Testing/audits/audit_hmm_state_architecture_construct_comparison.R:1376|Testing/audits/audit_hmm_state_architecture_construct_comparison.R:1377,TRUE,blocked_historical_input_lineage_and_writer_collisions
audit_hmm_state_architecture/hmm_architecture_gap_aware_contrasts.csv,other,73be4a1060178d7eb1b92180d04641d3400c0798dec1b446ed56385e8b1f9d27,Testing/audits/audit_hmm_state_architecture_gap_aware.R,same_line_write_call,Testing/audits/audit_hmm_state_architecture_gap_aware.R:76,TRUE,blocked_historical_input_lineage_and_writer_collisions
audit_hmm_state_architecture/hmm_architecture_identifiability_probe.csv,other,1fcc6fba09e5746452261a0e65e5134422ca09dc0dd768c97c9def33dc37a1b6,Testing/audits/audit_hmm_state_architecture_identifiability.R,same_line_write_call,Testing/audits/audit_hmm_state_architecture_identifiability.R:130,TRUE,blocked_historical_input_lineage_and_writer_collisions
audit_hmm_state_architecture/hmm_architecture_identity_audit_summary.csv,other,38a7d94bd91da366d5d8715d93131cf142f2b61725444ccebb281f097b3d925c,Testing/audits/audit_hmm_state_architecture_components.R,same_line_write_call,Testing/audits/audit_hmm_state_architecture_components.R:242,TRUE,blocked_historical_input_lineage_and_writer_collisions
audit_hmm_state_architecture/hmm_architecture_inactive_burst_complement.csv,other,c7640678081cb3c41787594345ade4ff9f8eaa084e2f09fc114244cbc20ee38b,Testing/audits/audit_hmm_state_architecture_components.R,same_line_write_call,Testing/audits/audit_hmm_state_architecture_components.R:1676,TRUE,blocked_historical_input_lineage_and_writer_collisions
audit_hmm_state_architecture/hmm_architecture_locomotion_dominance_by_metric.csv,other,2b30d7c896e032a0391aa86f389c7975b870b209958caa2ba2c8cf9da1a66ccf,Testing/audits/audit_hmm_state_architecture_locomotion_dominance.R,same_line_write_call,Testing/audits/audit_hmm_state_architecture_locomotion_dominance.R:41,TRUE,blocked_historical_input_lineage_and_writer_collisions
audit_hmm_state_architecture/hmm_architecture_longitudinal_cell_counts.csv,other,401be9a8dce346f2070cf3f5d37ea48b4487eade05de8f4967c09140276fb3ba,Testing/audits/audit_hmm_state_architecture_longitudinal.R,same_line_write_call,Testing/audits/audit_hmm_state_architecture_longitudinal.R:712,TRUE,blocked_historical_input_lineage_and_writer_collisions
audit_hmm_state_architecture/hmm_architecture_longitudinal_crosscheck_interaction_vs_lm.csv,other,404806435e240a84c71f9aad7b4a05cbdecbabfed0c87c4be5694ca25f20781a,Testing/audits/audit_hmm_state_architecture_longitudinal.R,same_line_write_call,Testing/audits/audit_hmm_state_architecture_longitudinal.R:741,TRUE,blocked_historical_input_lineage_and_writer_collisions
audit_hmm_state_architecture/hmm_architecture_longitudinal_crosscheck_summary.csv,other,75e2a17a5ed0c190710eef786c6d743d0c1fc7cad1fd28736b5b2c76d2d92ec4,Testing/audits/audit_hmm_state_architecture_longitudinal.R,same_line_write_call,Testing/audits/audit_hmm_state_architecture_longitudinal.R:742,TRUE,blocked_historical_input_lineage_and_writer_collisions
audit_hmm_state_architecture/hmm_architecture_longitudinal_model_diagnostics.csv,other,821b12192d4568020e5672770fac818b73698b41a8008b4dad741c8c3b3f36f3,Testing/audits/audit_hmm_state_architecture_longitudinal.R,same_line_write_call,Testing/audits/audit_hmm_state_architecture_longitudinal.R:711,TRUE,blocked_historical_input_lineage_and_writer_collisions
audit_hmm_state_architecture/hmm_architecture_longitudinal_omnibus_tests.csv,other,fe176134038bf3e607eb3e42fd4ce8294f8b5b3d56ea36f120d7fb1ab16e6c73,Testing/audits/audit_hmm_state_architecture_longitudinal.R,same_line_write_call,Testing/audits/audit_hmm_state_architecture_longitudinal.R:683|Testing/audits/audit_hmm_state_architecture_longitudinal.R:710,TRUE,blocked_historical_input_lineage_and_writer_collisions
audit_hmm_state_architecture/hmm_architecture_longitudinal_results.csv,other,a3a41d4620162ae03ab88e5830f0b16abe24844526ddd0c980a860dc0bed588d,Testing/audits/audit_hmm_state_architecture_longitudinal.R,reviewed_multiline_or_figure_helper,Testing/audits/audit_hmm_state_architecture_longitudinal.R:698,TRUE,blocked_historical_input_lineage_and_writer_collisions
audit_hmm_state_architecture/hmm_architecture_naive_formula_weights.csv,other,61ec0068f0b9892216a67c26e8fc4a081db7fb930f51676b7ede5f6dcc9d318b,Testing/audits/audit_hmm_state_architecture_redundancy.R,reviewed_multiline_or_figure_helper,Testing/audits/audit_hmm_state_architecture_redundancy.R:858,TRUE,blocked_historical_input_lineage_and_writer_collisions
audit_hmm_state_architecture/hmm_architecture_occupied_state_distribution.csv,other,c02fe64ac36ec43acb3ede541e2724e9192c3c676559d91d16f26d97a352882c,Testing/audits/audit_hmm_state_architecture_components.R,same_line_write_call,Testing/audits/audit_hmm_state_architecture_components.R:1635,TRUE,blocked_historical_input_lineage_and_writer_collisions
audit_hmm_state_architecture/hmm_architecture_partition_robustness_contrasts.csv,other,bad91086682d7658ee2e56c0bfd00fee24c8d70c3bc1655813982e877e71295d,Testing/audits/audit_hmm_state_architecture_partition_robustness.R,same_line_write_call,Testing/audits/audit_hmm_state_architecture_partition_robustness.R:112,TRUE,blocked_historical_input_lineage_and_writer_collisions
audit_hmm_state_architecture/hmm_architecture_per_state_occupancy_contrasts.csv,other,b77e59d88b62cb48ec60f7e08a7277dab1534fdd7960bfbd10a6a5484adbf8f6,Testing/audits/audit_hmm_state_architecture_semantic_erasure.R,same_line_write_call,Testing/audits/audit_hmm_state_architecture_semantic_erasure.R:88,TRUE,blocked_historical_input_lineage_and_writer_collisions
audit_hmm_state_architecture/hmm_architecture_proposed_construct_contrasts.csv,other,755e40cd238ac774a87874ea3cf49a8324b7c326100cf5da8bdc5a496f4added,Testing/audits/audit_hmm_state_architecture_redundancy.R,same_line_write_call,Testing/audits/audit_hmm_state_architecture_construct_comparison.R:848|Testing/audits/audit_hmm_state_architecture_redundancy.R:1058|Testing/audits/audit_hmm_state_architecture_redundancy.R:1059,TRUE,blocked_historical_input_lineage_and_writer_collisions
audit_hmm_state_architecture/hmm_architecture_proposed_construct_definition.csv,other,9f8cbb3a9d7643762e47f3f7326313b6d7d7624d91ce6b466074cb18944a758f,Testing/audits/audit_hmm_state_architecture_redundancy.R,reviewed_multiline_or_figure_helper,Testing/audits/audit_hmm_state_architecture_redundancy.R:996,TRUE,blocked_historical_input_lineage_and_writer_collisions
audit_hmm_state_architecture/hmm_architecture_proposed_construct_readdensity_sensitivity.csv,other,0ef564f9582d2310daf227e1d1764a0b4981ab9259d4d252ad99d32a96d01db5,Testing/audits/audit_hmm_state_architecture_redundancy.R,reviewed_multiline_or_figure_helper,Testing/audits/audit_hmm_state_architecture_redundancy.R:1113|Testing/audits/audit_hmm_state_architecture_redundancy.R:1114,TRUE,blocked_historical_input_lineage_and_writer_collisions
audit_hmm_state_architecture/hmm_architecture_qc_leaveout_sensitivity.csv,other,7463a54df90895dcc3e4d0b3f671d3c4c7a96f8072e92df0ef96a47d35e7f95e,Testing/audits/audit_hmm_state_architecture_qc_sensitivity.R,same_line_write_call,Testing/audits/audit_hmm_state_architecture_qc_sensitivity.R:60,TRUE,blocked_historical_input_lineage_and_writer_collisions
audit_hmm_state_architecture/hmm_architecture_redundancy_identity_audit.csv,other,4a4c9d54efd1a0edd8cb1c8a034d115b1d4406941642200e2b246e7669df129d,Testing/audits/audit_hmm_state_architecture_redundancy.R,same_line_write_call,Testing/audits/audit_hmm_state_architecture_redundancy.R:117,TRUE,blocked_historical_input_lineage_and_writer_collisions
audit_hmm_state_architecture/hmm_architecture_state_label_report.csv,other,99d4892f936712df74386cf5e651cdc030378a44c7d1bdd7b32242768ae7c790,Testing/audits/audit_hmm_state_architecture_components.R,same_line_write_call,Testing/audits/audit_hmm_state_architecture_components.R:275,TRUE,blocked_historical_input_lineage_and_writer_collisions
audit_hmm_state_architecture/hmm_architecture_temporal_component_contrasts.csv,other,8ba88841f5012ad598d61119be9b9db7da5dea09f318b21acf0f6be100e3789f,Testing/audits/audit_hmm_state_architecture_temporal_components.R,same_line_write_call,Testing/audits/audit_hmm_state_architecture_temporal_components.R:93,TRUE,blocked_historical_input_lineage_and_writer_collisions
audit_hmm_state_architecture/hmm_architecture_temporal_epoch_metrics.csv,other,7cda68a5b483dd5319a8a8e8938956cb21dd506f110aafada2f1b52f84bc9c35,Testing/audits/audit_hmm_state_architecture_temporal_components.R,same_line_write_call,Testing/audits/audit_hmm_state_architecture_gap_aware.R:60|Testing/audits/audit_hmm_state_architecture_locomotion_dominance.R:7|Testing/audits/audit_hmm_state_architecture_qc_sensitivity.R:25|Testing/audits/audit_hmm_state_architecture_temporal_components.R:94,TRUE,blocked_historical_input_lineage_and_writer_collisions
audit_hmm_state_architecture/hmm_cross_optimum_gapaware_claim_verdicts.csv,other,221df73f2d18166fb4f47c68ee5409588e183aa4069ac68f4d4451ae4c48f3fa,Testing/audits/audit_hmm_cross_optimum_gapaware.R,same_line_write_call,Testing/audits/audit_hmm_cross_optimum_gapaware.R:189,TRUE,blocked_historical_input_lineage_and_writer_collisions
audit_hmm_state_architecture/hmm_cross_optimum_gapaware_contrasts.csv,other,bde9f6ab3c88323fc6597a4b78ac4f57dd420f0f4e1a67d78cff929089a81fe7,Testing/audits/audit_hmm_cross_optimum_gapaware.R,same_line_write_call,Testing/audits/audit_hmm_cross_optimum_gapaware.R:162,TRUE,blocked_historical_input_lineage_and_writer_collisions
audit_hmm_state_architecture/hmm_cross_optimum_gapaware_sign_stability.csv,other,6fbca32e64ff1e5fbad662d8a4fd808e19d6c783e6d95a3e6a3b36452c6adcae,Testing/audits/audit_hmm_cross_optimum_gapaware.R,same_line_write_call,Testing/audits/audit_hmm_cross_optimum_gapaware.R:176,TRUE,blocked_historical_input_lineage_and_writer_collisions
audit_hmm_state_architecture/hmm_cross_optimum_gapaware_state_profiles.csv,other,d88d88c4f0835ab5af2c6067266590d4c7224a4f1631185491418443e9e82fbd,Testing/audits/audit_hmm_cross_optimum_gapaware.R,same_line_write_call,Testing/audits/audit_hmm_cross_optimum_gapaware.R:161,TRUE,blocked_historical_input_lineage_and_writer_collisions
audit_hmm_state_architecture/hmm_state_binlevel_profile_audit.csv,other,85c9af678c9672ac58cce4c1e71f21157f0a5ad90990822ad60a67e20077674f,Testing/audits/audit_hmm_state_architecture_profile.R,reviewed_multiline_or_figure_helper,Testing/audits/audit_hmm_state_architecture_profile.R:25|Testing/audits/audit_hmm_state_architecture_profile.R:650,TRUE,blocked_historical_input_lineage_and_writer_collisions
audit_hmm_state_architecture/hmm_state_emission_degeneracy_audit.csv,other,c0df3dd118e8301d7c2b942103870ac5344ff113e75eba3cd8c24db8dad77d62,Testing/audits/audit_hmm_state_architecture_profile.R,reviewed_multiline_or_figure_helper,Testing/audits/audit_hmm_state_architecture_profile.R:24|Testing/audits/audit_hmm_state_architecture_profile.R:649,TRUE,blocked_historical_input_lineage_and_writer_collisions
audit_hmm_state_architecture/hmm_state_multidimensional_profile_audit.csv,other,dbf76d7b5b39fb9cda7c9585c71f508f6c6978d40e0d13d3824f7adb00ac71cc,Testing/audits/audit_hmm_state_architecture_profile.R,reviewed_multiline_or_figure_helper,Testing/audits/audit_hmm_state_architecture_profile.R:23|Testing/audits/audit_hmm_state_architecture_profile.R:648,TRUE,blocked_historical_input_lineage_and_writer_collisions
audit_hmm_state_architecture/phaseA_issue1_formula_preservation.csv,other,20033e85c735b3f04a21eca578bc679e8dcb27d1f1b8ca2beefb3880f17d08a4,Testing/audits/audit_hmm_state_architecture_phaseA_formula_units_qc.R,same_line_write_call,Testing/audits/audit_hmm_state_architecture_phaseA_formula_units_qc.R:42,TRUE,blocked_historical_input_lineage_and_writer_collisions
audit_hmm_state_architecture/phaseA_issue2_dwell_units.csv,other,c1401862bd0e085d558b658054051fad45b17c301f02f7b09bf175a3f1ff2614,Testing/audits/audit_hmm_state_architecture_phaseA_formula_units_qc.R,same_line_write_call,Testing/audits/audit_hmm_state_architecture_phaseA_formula_units_qc.R:81,TRUE,blocked_historical_input_lineage_and_writer_collisions
audit_hmm_state_architecture/phaseA_issue3_topproximity_partition_contrasts.csv,other,76bedaecaa6080e049a25ede82ce328b8cfd271d20ddf9d037d41369817f5aa6,Testing/audits/audit_hmm_state_architecture_phaseA_partition_and_gap.R,same_line_write_call,Testing/audits/audit_hmm_state_architecture_phaseA_partition_and_gap.R:102,TRUE,blocked_historical_input_lineage_and_writer_collisions
audit_hmm_state_architecture/phaseA_issue3_topproximity_state_profiles.csv,other,c547c2682913476faa41388fb962fd868ce4e2ded23b9a2cfade9a13214cf831,Testing/audits/audit_hmm_state_architecture_phaseA_partition_and_gap.R,same_line_write_call,Testing/audits/audit_hmm_state_architecture_phaseA_partition_and_gap.R:101,TRUE,blocked_historical_input_lineage_and_writer_collisions
audit_hmm_state_architecture/phaseA_issue4_gapaware_contrast_comparison.csv,other,83d051eb6a677bb990bd0af2e0cd3efb8d760c60c4165b6243d46bae02d1d254,Testing/audits/audit_hmm_state_architecture_phaseA_gapaware_contrasts.R|Testing/audits/audit_hmm_state_architecture_phaseA_partition_and_gap.R,multiple_explicit_writers,Testing/audits/audit_hmm_state_architecture_phaseA_gapaware_contrasts.R:39|Testing/audits/audit_hmm_state_architecture_phaseA_partition_and_gap.R:180,TRUE,blocked_historical_input_lineage_and_writer_collisions
audit_hmm_state_architecture/phaseA_issue5_qc_population_ladder.csv,other,3b70c923ec4c9a94b1a3418cb77e068a0e5452c2c2b427c4b8b62e70aca29bfb,Testing/audits/audit_hmm_state_architecture_phaseA_formula_units_qc.R,reviewed_multiline_or_figure_helper,Testing/audits/audit_hmm_state_architecture_phaseA_formula_units_qc.R:133,TRUE,blocked_historical_input_lineage_and_writer_collisions
audit_hmm_state_architecture/phase_bug_impact_counterfactual.csv,other,981635d5b9c0c28f051061ec928d526e0438a9c85f2eb39364ba998e99c7d988,Testing/audits/audit_phase_bug_impact.R,same_line_write_call,Testing/audits/audit_phase_bug_impact.R:54|Testing/audits/audit_phase_bug_impact.R:60,TRUE,blocked_historical_input_lineage_and_writer_collisions
audit_hmm_state_architecture/step6_longitudinal_gapaware_contrasts.csv,other,162d72fe91b9563dbd588f9a87cc087ea82fdf2dd888273ac0880593817a76bd,Testing/audits/audit_step6_longitudinal_gapaware_robustness.R,same_line_write_call,Testing/audits/audit_step6_longitudinal_gapaware_robustness.R:77|Testing/audits/audit_step6_longitudinal_gapaware_robustness.R:115,TRUE,blocked_historical_input_lineage_and_writer_collisions
