"path","sha256"
"Analysis/04_temporal_instability.R","dd9d31c63f659294642461921d6852999cfd8d2c7ae3119150d097d99c36a916"
"Analysis/14_systems_neuroscience_summary_dashboard.R","792bab9e14bb52a3df19b500285224967c893ba9c224f2a20e15b7edc82c0d39"
"Analysis/15_behavior_proteomics_integration.R","4237f54b85f8fd1ae70e392baf63118251e163d17b5933bf6f0eb92a6f3446ce"
"Analysis/16_manuscript_behavior_report.R","79f8af2c6b9b1302667090a4b14c19b1619f1b150a46850c71e9a5a7ccecb34c"
"Analysis/_pipeline_setup.R","6bb28a8176e5463b403cd2ce313d77d63bc5e504d9fa5be61211d7f356467406"
"Functions/project_paths.R","d101f3b6700ba834667da403036249c0eca019c236d965df2afb842b72df56e4"
"Maintenance/Invoke-BehaviorOutputMigration.ps1","d6ae73cc274716df624b5a3b8d307bcdc3c51ca33621b32397e7855eab25763c"
"Testing/tests/test_behavior_output_index_source.R","b9c0d4b9e7ed745ee44f16381aca8f111ffedaae408275e7d2f305bf196cec78"
"Testing/tests/test_behavior_output_migration.ps1","269b1a0d8ddc23effc2aea57cd2b6f6bc5ae22c6516a9ebe825799a851df2f3f"
"Testing/tests/test_stage14_input_resolution_contract.R","3331822b40081fcb4bd762fec089d579c520a11597d79aa3cb964e939b78f34f"
"Testing/tests/test_stage14_upstream_registry.R","493ac911672ebb8c647f5aa7a4f664525043d81b49900e16046830e726833818"
