AnimalNum,Sex,Batch,CageEpisodeID,bw_cc1
13856,Male,B5,B5|sys.4|CC1,13
13857,Male,B5,B5|sys.5|CC1,13
1545,Female,B3,B3|sys.2|CC1,11
1546,Female,B3,B3|sys.4|CC1,12
1547,Female,B3,B3|sys.5|CC1,12
3,Male,B1,B1|sys.1|CC1,11
303,Male,B5,B5|sys.5|CC1,12
304,Male,B5,B5|sys.4|CC1,12
310,Male,B5,B5|sys.1|CC1,13
313,Male,B5,B5|sys.2|CC1,13
314,Male,B5,B5|sys.5|CC1,12
317,Male,B5,B5|sys.1|CC1,15
318,Male,B5,B5|sys.2|CC1,14
319,Male,B5,B5|sys.4|CC1,13
4,Male,B1,B1|sys.4|CC1,9
654,Female,B6,B6|sys.4|CC1,16
656,Female,B6,B6|sys.3|CC1,14
662,Female,B6,B6|sys.5|CC1,12
663,Female,B6,B6|sys.4|CC1,11
675,Female,B6,B6|sys.3|CC1,13
676,Female,B6,B6|sys.1|CC1,14
690,Female,B6,B6|sys.3|CC1,7
691,Female,B6,B6|sys.1|CC1,10
692,Female,B6,B6|sys.5|CC1,6
693,Female,B6,B6|sys.4|CC1,12
694,Female,B6,B6|sys.1|CC1,10
695,Female,B6,B6|sys.5|CC1,9
696,Female,B6,B6|sys.4|CC1,11
OQ754,Male,B1,B1|sys.1|CC1,13
OQ755,Male,B1,B1|sys.4|CC1,10
OQ762,Male,B1,B1|sys.1|CC1,13
OQ764,Male,B1,B1|sys.4|CC1,15
OQ772,Male,B1,B1|sys.1|CC1,12
OQ773,Male,B1,B1|sys.4|CC1,12
OR104,Male,B2,B2|sys.1|CC1,11
OR105,Male,B2,B2|sys.2|CC1,11
OR106,Male,B2,B2|sys.3|CC1,11
OR111,Male,B2,B2|sys.5|CC1,9
OR112,Male,B2,B2|sys.1|CC1,9
OR113,Male,B2,B2|sys.2|CC1,10
OR120,Male,B2,B2|sys.3|CC1,11
OR122,Male,B2,B2|sys.5|CC1,10
OR130,Male,B2,B2|sys.1|CC1,11
OR131,Male,B2,B2|sys.2|CC1,10
OR134,Male,B2,B2|sys.3|CC1,11
OR135,Male,B2,B2|sys.5|CC1,11
OR138,Male,B2,B2|sys.1|CC1,9
OR139,Male,B2,B2|sys.2|CC1,10
OR140,Male,B2,B2|sys.3|CC1,10
OR141,Male,B2,B2|sys.5|CC1,10
OR419,Female,B3,B3|sys.1|CC1,14
OR420,Female,B3,B3|sys.2|CC1,15
OR424,Female,B3,B3|sys.1|CC1,15
OR425,Female,B3,B3|sys.2|CC1,12
OR426,Female,B3,B3|sys.5|CC1,12
OR428,Female,B3,B3|sys.1|CC1,15
OR429,Female,B3,B3|sys.4|CC1,14
OR430,Female,B3,B3|sys.5|CC1,13
OR432,Female,B3,B3|sys.1|CC1,16
OR433,Female,B3,B3|sys.4|CC1,13
OR434,Female,B3,B3|sys.5|CC1,14
OR436,Female,B3,B3|sys.2|CC1,14
OR437,Female,B3,B3|sys.4|CC1,15
OR529,Female,B4,B4|sys.2|CC1,14
OR530,Female,B4,B4|sys.4|CC1,14
OR531,Female,B4,B4|sys.5|CC1,13
OR550,Female,B4,B4|sys.1|CC1,14
OR551,Female,B4,B4|sys.2|CC1,13
OR552,Female,B4,B4|sys.4|CC1,13
OR553,Female,B4,B4|sys.1|CC1,14
OR554,Female,B4,B4|sys.2|CC1,14
OR555,Female,B4,B4|sys.4|CC1,14
OR556,Female,B4,B4|sys.5|CC1,15
OR559,Female,B4,B4|sys.1|CC1,11
OR560,Female,B4,B4|sys.2|CC1,10
OR561,Female,B4,B4|sys.4|CC1,10
OR562,Female,B4,B4|sys.5|CC1,11
OR568,Female,B4,B4|sys.5|CC1,11
OR620,Male,B5,B5|sys.1|CC1,11
OR625,Male,B5,B5|sys.2|CC1,12
OR628,Male,B5,B5|sys.1|CC1,11
OR629,Male,B5,B5|sys.2|CC1,11
OR630,Male,B5,B5|sys.4|CC1,11
OR646,Female,B6,B6|sys.3|CC1,12
OR647,Female,B6,B6|sys.1|CC1,10
