variant,metric,CageEpisodeID,Sex,Batch,System,n_c,xbar_c,xbar_k,b_c,sd_within,min_x,max_x,bw_cage_mean,bw_b,occdisp_cage_mean,board_offset_cc2_4,b_c_per_frozen_sd,info_share
primary,crossing_rate,B5|sys.4|CC1,Male,B5,sys.4,4,20.6892830139279,22.9853142205089,-2.29603120658094,2.86637665909556,17.3348272583968,24.2520900586225,12.25,-0.15,2.08294505486066,-1.05902856502606,-0.444123797164483,0.0414715311973727
primary,crossing_rate,B5|sys.5|CC1,Male,B5,sys.5,3,27.5023701695719,22.9853142205089,4.51705594906304,1.62674196819036,25.9189003719299,29.1691804828793,12.3333333333333,-0.0666666666666664,2.04381861360014,0.82524203445504,0.873739012933389,0.120383426510435
primary,crossing_rate,B3|sys.2|CC1,Female,B3,sys.2,4,22.0334806899905,28.2408296533164,-6.20734896332593,1.34229946061514,20.3642776074155,23.201922847793,13,-0.5625,2.27168305968567,-0.526014075413165,-1.20069421705403,0.303114575195921
primary,crossing_rate,B3|sys.4|CC1,Female,B3,sys.4,4,27.520985823956,28.2408296533164,-0.719843829360489,3.27831301272743,23.6192236184368,31.0471773358957,13.5,-0.0625,2.08635429388121,-1.05902856502606,-0.139240169708787,0.00407634628206423
primary,crossing_rate,B3|sys.5|CC1,Female,B3,sys.5,4,29.5866246386426,28.2408296533164,1.34579498532614,6.76816739519718,22.0334806899905,36.1382467377496,12.75,-0.8125,2.18104222286651,0.82524203445504,0.260318578151213,0.0142479475908069
primary,crossing_rate,B1|sys.1|CC1,Male,B1,sys.1,4,25.3089825235554,25.0899022956104,0.219080227945025,7.79330624703999,18.6948461179766,36.5551008914007,12.25,0.375,2.03308459195255,0.263600435253636,0.0423769252089103,0.000377572943638669
primary,crossing_rate,B5|sys.1|CC1,Male,B5,sys.1,4,21.1893261079201,22.9853142205089,-1.79598811258872,2.10438240167059,19.1683186030349,23.1686633549727,12.5,0.0999999999999996,2.02793699469226,0.263600435253636,-0.347399921193995,0.0253747290251188
primary,crossing_rate,B5|sys.2|CC1,Male,B5,sys.2,4,23.6895415778813,22.9853142205089,0.704227357372385,5.251720079843,20.1684047910194,31.5027149215096,12.5,0.0999999999999996,2.044301743682,-0.526014075413165,0.136219458658437,0.00390139822506577
primary,crossing_rate,B1|sys.4|CC1,Male,B1,sys.4,4,24.8708220676653,25.0899022956104,-0.219080227945025,3.72742609630003,20.8647836138132,29.8783701349805,11.5,-0.375,2.30868547959553,-1.05902856502606,-0.0423769252089103,0.000377572943638669
primary,crossing_rate,B6|sys.4|CC1,Female,B6,sys.4,4,16.6594124845715,16.9683840444358,-0.308971559864247,3.43999413820039,13.6949556264147,20.04139847768,12.5,1.36666666666667,2.05784934334526,-1.05902856502606,-0.0597647026701704,0.000750985425076148
primary,crossing_rate,B6|sys.3|CC1,Female,B6,sys.3,4,17.3483355572418,16.9683840444358,0.379951512806009,9.54170554141733,6.34644285126534,29.3940511005974,11.5,0.366666666666667,2.05465760379815,0.496200170730546,0.0734944316619617,0.0011356666006309
primary,crossing_rate,B6|sys.5|CC1,Female,B6,sys.5,3,13.0547442861555,16.9683840444358,-3.91363975828028,7.60881218897632,5.67839623534268,20.8764567475834,9,-2.13333333333333,1.97538585098548,0.82524203445504,-0.757019567155457,0.0903685794841548
primary,crossing_rate,B6|sys.1|CC1,Female,B6,sys.1,4,19.8326339102042,16.9683840444358,2.86424986576843,10.3397839820425,13.026909010492,35.2394589899207,11,-0.133333333333333,1.84605302356628,0.263600435253636,0.554034946374797,0.0645381185352633
primary,crossing_rate,B2|sys.1|CC1,Male,B2,sys.1,4,13.5971637261825,14.9787773716727,-1.38161364549018,3.23077231086873,9.50967279009084,16.3499637443667,10,-0.25,2.10622411254618,0.263600435253636,-0.267247020289021,0.0150164655920653
primary,crossing_rate,B2|sys.2|CC1,Male,B2,sys.2,4,14.6816000969824,14.9787773716727,-0.297177274690338,2.89930690423404,11.3448728022136,17.8514910270126,10.25,0,1.91072360037102,-0.526014075413165,-0.057483321345185,0.000694745414149084
primary,crossing_rate,B2|sys.3|CC1,Male,B2,sys.3,4,15.2863819191592,14.9787773716727,0.307604547486486,0.533593887126411,14.5147637322439,15.682618285413,10.75,0.5,2.09132398942569,0.496200170730546,0.059500279988875,0.000744354812758664
primary,crossing_rate,B2|sys.5|CC1,Male,B2,sys.5,4,16.3499637443667,14.9787773716727,1.37118637269404,3.66534089017422,13.013236449598,21.3550546865198,10,-0.25,1.97076373764321,0.82524203445504,0.265230061645332,0.014790657294946
primary,crossing_rate,B3|sys.1|CC1,Female,B3,sys.1,4,33.8222274606767,28.2408296533164,5.58139780736029,7.46346443410395,25.3718868551406,43.399280146951,15,1.4375,2.26531575923605,0.263600435253636,1.07961580861161,0.245064527322795
primary,crossing_rate,B4|sys.2|CC1,Female,B4,sys.2,4,23.4450371452811,24.2300117222934,-0.784974577012388,2.07941344012495,20.6733127538834,25.67492067821,12.75,0.0166666666666675,2.31834775290989,-0.526014075413165,-0.151838480601259,0.00484736452833294
primary,crossing_rate,B4|sys.4|CC1,Female,B4,sys.4,4,26.0917213385706,24.2300117222934,1.86170961627714,2.73780191633982,24.3411585650563,30.176367810104,12.75,0.0166666666666675,1.96476954160321,-1.05902856502606,0.360112502664927,0.0272658085897857
primary,crossing_rate,B4|sys.5|CC1,Female,B4,sys.5,4,22.6739559236141,24.2300117222934,-1.55605579867938,5.6406338296235,16.1718656219894,29.1760462252387,12.5,-0.233333333333333,2.09194950554266,0.82524203445504,-0.300989554466205,0.0190478003425187
primary,crossing_rate,B4|sys.1|CC1,Female,B4,sys.1,3,24.8691060681796,24.2300117222934,0.639094345886196,5.82587338100121,21.3401938104603,31.5934900553299,13,0.266666666666668,2.17767997589143,0.263600435253636,0.123620709870052,0.00240982614346134
primary,shared_zone_use,B5|sys.4|CC1,Male,B5,sys.4,4,0.27612499645893,0.285484095978734,-0.00935909951980357,0.0793224206579005,0.159934415965828,0.339018460627154,12.25,-0.15,2.08294505486066,0.00586744054853355,-0.154186153538774,0.00335966321737545
primary,shared_zone_use,B5|sys.5|CC1,Male,B5,sys.5,3,0.295149325016466,0.285484095978734,0.00966522903773254,0.0573601241088322,0.237261512135979,0.351966779449671,12.3333333333333,-0.0666666666666664,2.04381861360014,0.00884503666114393,0.159229473438757,0.00268728159237751
primary,shared_zone_use,B3|sys.2|CC1,Female,B3,sys.2,4,0.247968618490355,0.247612941069747,0.000355677420608103,0.0308130054456199,0.205530034268719,0.275008873828431,13,-0.5625,2.27168305968567,-0.0166262801008785,0.00585959506767879,4.85221689368775e-06
primary,shared_zone_use,B3|sys.4|CC1,Female,B3,sys.4,4,0.258070743741114,0.247612941069747,0.0104578026713664,0.0663332153489704,0.193474941431394,0.316202209373089,13.5,-0.0625,2.08635429388121,0.00586744054853355,0.172286699693021,0.00419477334399652
primary,shared_zone_use,B3|sys.5|CC1,Female,B3,sys.5,4,0.2303337738557,0.247612941069747,-0.0172791672140474,0.0287533196538434,0.195220209166921,0.262797215902158,12.75,-0.8125,2.18104222286651,0.00884503666114393,-0.284665028238013,0.0114517861305502
primary,shared_zone_use,B1|sys.1|CC1,Male,B1,sys.1,4,0.296101784566349,0.256607164090266,0.0394946204760824,0.103908710581505,0.142291101163045,0.371140081671557,12.25,0.375,2.03308459195255,-0.00337944900223048,0.650652726129858,0.0598278647956081
primary,shared_zone_use,B5|sys.1|CC1,Male,B5,sys.1,4,0.303426666455395,0.285484095978734,0.0179425704766609,0.0261045397641496,0.26861707703287,0.331935782342546,12.5,0.0999999999999996,2.02793699469226,-0.00337944900223048,0.295594241790131,0.0123480089452261
primary,shared_zone_use,B5|sys.2|CC1,Male,B5,sys.2,4,0.269651703243577,0.285484095978734,-0.0158323927351568,0.0715964470608964,0.164384336489117,0.322277519423891,12.5,0.0999999999999996,2.044301743682,-0.0166262801008785,-0.260830193330425,0.00961436758818023
primary,shared_zone_use,B1|sys.4|CC1,Male,B1,sys.4,4,0.217112543614184,0.256607164090266,-0.0394946204760824,0.0330296129442587,0.167925813854303,0.236506186107705,11.5,-0.375,2.30868547959553,0.00586744054853355,-0.650652726129858,0.0598278647956081
primary,shared_zone_use,B6|sys.4|CC1,Female,B6,sys.4,4,0.192239525923745,0.239260269716614,-0.0470207437928694,0.0441703567365555,0.146310428026232,0.246770195650592,12.5,1.36666666666667,2.05784934334526,0.00586744054853355,-0.774641578136235,0.0848020992564601
primary,shared_zone_use,B6|sys.3|CC1,Female,B6,sys.3,4,0.243113993520038,0.239260269716614,0.00385372380342303,0.0331630965743403,0.205746682347357,0.271784783647352,11.5,0.366666666666667,2.05465760379815,0.00529325189343151,0.0634880363002146,0.000569624663364282
primary,shared_zone_use,B6|sys.5|CC1,Female,B6,sys.5,3,0.257924958142294,0.239260269716614,0.0186646884256795,0.0619823576726625,0.191444635505277,0.314123509849078,9,-2.13333333333333,1.97538585098548,0.00884503666114393,0.307490748363748,0.0100214454391966
primary,shared_zone_use,B6|sys.1|CC1,Female,B6,sys.1,4,0.268428773386801,0.239260269716614,0.0291685036701868,0.0555762613805811,0.203109065764782,0.330237385728376,11,-0.133333333333333,1.84605302356628,-0.00337944900223048,0.480535480563209,0.0326329184068722
primary,shared_zone_use,B2|sys.1|CC1,Male,B2,sys.1,4,0.229914135583116,0.288251200910505,-0.0583370653273897,0.0431129729246636,0.182128184293861,0.282340539953307,10,-0.25,2.10622411254618,-0.00337944900223048,-0.961071916431461,0.130531933124723
primary,shared_zone_use,B2|sys.2|CC1,Male,B2,sys.2,4,0.253444987486435,0.288251200910505,-0.0348062134240709,0.0875931885866205,0.126493261739761,0.314145359434038,10.25,0,1.91072360037102,-0.0166262801008785,-0.573413730215337,0.0464666294918485
primary,shared_zone_use,B2|sys.3|CC1,Male,B2,sys.3,4,0.326953035716934,0.288251200910505,0.0387018348064286,0.0538020666887854,0.261160339031444,0.375079360228493,10.75,0.5,2.09132398942569,0.00529325189343151,0.637592006695693,0.0574500913553114
primary,shared_zone_use,B2|sys.5|CC1,Male,B2,sys.5,4,0.342692644855538,0.288251200910505,0.0544414439450321,0.00930569559821489,0.336924509260333,0.356454281429494,10,-0.25,1.97076373764321,0.00884503666114393,0.896893639951105,0.1136807381137
primary,shared_zone_use,B3|sys.1|CC1,Female,B3,sys.1,4,0.25407862819182,0.247612941069747,0.00646568712207285,0.046392611665829,0.184803037288938,0.282093945415773,15,1.4375,2.26531575923605,-0.00337944900223048,0.106518733477312,0.00160345576705343
primary,shared_zone_use,B4|sys.2|CC1,Female,B4,sys.2,4,0.217021450468595,0.272865096071972,-0.0558436456033775,0.0435160540516426,0.152079083500495,0.244401649305518,12.75,0.0166666666666675,2.31834775290989,-0.0166262801008785,-0.919994161505395,0.119612106395437
primary,shared_zone_use,B4|sys.4|CC1,Female,B4,sys.4,4,0.347015992083657,0.272865096071972,0.0741508960116848,0.0789848555850339,0.229112266456837,0.392646892279255,12.75,0.0166666666666675,1.96476954160321,0.00586744054853355,1.22159630991243,0.210892152912099
primary,shared_zone_use,B4|sys.5|CC1,Female,B4,sys.5,4,0.277749183189697,0.272865096071972,0.00488408711772531,0.053180442338013,0.2158025169403,0.343966751771265,12.5,-0.233333333333333,2.09194950554266,0.00884503666114393,0.0804627202261172,0.0009149437980638
primary,shared_zone_use,B4|sys.1|CC1,Female,B4,sys.1,3,0.241943312703929,0.272865096071972,-0.0309217833680433,0.05260573719995,0.182019187099216,0.280518619043604,13,0.266666666666668,2.17767997589143,-0.00337944900223048,-0.509419824844206,0.0275053986500549
S1_excl_cages,crossing_rate,B5|sys.4|CC1,Male,B5,sys.4,4,20.6892830139279,22.9853142205089,-2.29603120658094,2.86637665909556,17.3348272583968,24.2520900586225,12.25,-0.15,2.08294505486066,-1.05902856502606,-0.444123797164483,0.0469120643683695
S1_excl_cages,crossing_rate,B5|sys.5|CC1,Male,B5,sys.5,3,27.5023701695719,22.9853142205089,4.51705594906304,1.62674196819036,25.9189003719299,29.1691804828793,12.3333333333333,-0.0666666666666664,2.04381861360014,0.82524203445504,0.873739012933389,0.136176188587418
S1_excl_cages,crossing_rate,B3|sys.2|CC1,Female,B3,sys.2,4,22.0334806899905,28.2408296533164,-6.20734896332593,1.34229946061514,20.3642776074155,23.201922847793,13,-0.5625,2.27168305968567,-0.526014075413165,-1.20069421705403,0.342879321115659
S1_excl_cages,crossing_rate,B3|sys.4|CC1,Female,B3,sys.4,4,27.520985823956,28.2408296533164,-0.719843829360489,3.27831301272743,23.6192236184368,31.0471773358957,13.5,-0.0625,2.08635429388121,-1.05902856502606,-0.139240169708787,0.0046111106499023
S1_excl_cages,crossing_rate,B3|sys.5|CC1,Female,B3,sys.5,4,29.5866246386426,28.2408296533164,1.34579498532614,6.76816739519718,22.0334806899905,36.1382467377496,12.75,-0.8125,2.18104222286651,0.82524203445504,0.260318578151213,0.0161170956364262
S1_excl_cages,crossing_rate,B1|sys.1|CC1,Male,B1,sys.1,4,25.3089825235554,25.0899022956104,0.219080227945025,7.79330624703999,18.6948461179766,36.5551008914007,12.25,0.375,2.03308459195255,0.263600435253636,0.0423769252089103,0.000427105672839351
S1_excl_cages,crossing_rate,B5|sys.1|CC1,Male,B5,sys.1,4,21.1893261079201,22.9853142205089,-1.79598811258872,2.10438240167059,19.1683186030349,23.1686633549727,12.5,0.0999999999999996,2.02793699469226,0.263600435253636,-0.347399921193995,0.0287035681342704
S1_excl_cages,crossing_rate,B5|sys.2|CC1,Male,B5,sys.2,4,23.6895415778813,22.9853142205089,0.704227357372385,5.251720079843,20.1684047910194,31.5027149215096,12.5,0.0999999999999996,2.044301743682,-0.526014075413165,0.136219458658437,0.00441321165090048
S1_excl_cages,crossing_rate,B1|sys.4|CC1,Male,B1,sys.4,4,24.8708220676653,25.0899022956104,-0.219080227945025,3.72742609630003,20.8647836138132,29.8783701349805,11.5,-0.375,2.30868547959553,-1.05902856502606,-0.0423769252089103,0.000427105672839351
S1_excl_cages,crossing_rate,B6|sys.4|CC1,Female,B6,sys.4,4,16.6594124845715,17.9467939840058,-1.28738149943431,3.43999413820039,13.6949556264147,20.04139847768,12.5,0.833333333333334,2.05784934334526,-1.05902856502606,-0.249019594459033,0.014748352155894
S1_excl_cages,crossing_rate,B6|sys.3|CC1,Female,B6,sys.3,4,17.3483355572418,17.9467939840058,-0.598458426764054,9.54170554141733,6.34644285126534,29.3940511005974,11.5,-0.166666666666666,2.05465760379815,0.496200170730546,-0.115760460126901,0.00318710920511296
S1_excl_cages,crossing_rate,B6|sys.1|CC1,Female,B6,sys.1,4,19.8326339102042,17.9467939840058,1.88583992619836,10.3397839820425,13.026909010492,35.2394589899207,11,-0.666666666666666,1.84605302356628,0.263600435253636,0.364780054585934,0.031647442824865
S1_excl_cages,crossing_rate,B2|sys.1|CC1,Male,B2,sys.1,4,13.5971637261825,14.9787773716727,-1.38161364549018,3.23077231086873,9.50967279009084,16.3499637443667,10,-0.25,2.10622411254618,0.263600435253636,-0.267247020289021,0.0169864333459914
S1_excl_cages,crossing_rate,B2|sys.2|CC1,Male,B2,sys.2,4,14.6816000969824,14.9787773716727,-0.297177274690338,2.89930690423404,11.3448728022136,17.8514910270126,10.25,0,1.91072360037102,-0.526014075413165,-0.057483321345185,0.000785887104893201
S1_excl_cages,crossing_rate,B2|sys.3|CC1,Male,B2,sys.3,4,15.2863819191592,14.9787773716727,0.307604547486486,0.533593887126411,14.5147637322439,15.682618285413,10.75,0.5,2.09132398942569,0.496200170730546,0.059500279988875,0.000842004620539601
S1_excl_cages,crossing_rate,B2|sys.5|CC1,Male,B2,sys.5,4,16.3499637443667,14.9787773716727,1.37118637269404,3.66534089017422,13.013236449598,21.3550546865198,10,-0.25,1.97076373764321,0.82524203445504,0.265230061645332,0.0167310018954631
S1_excl_cages,crossing_rate,B3|sys.1|CC1,Female,B3,sys.1,4,33.8222274606767,28.2408296533164,5.58139780736029,7.46346443410395,25.3718868551406,43.399280146951,15,1.4375,2.26531575923605,0.263600435253636,1.07961580861161,0.277213851243074
S1_excl_cages,crossing_rate,B4|sys.2|CC1,Female,B4,sys.2,4,23.4450371452811,24.0702381358219,-0.625200990540836,2.07941344012495,20.6733127538834,25.67492067821,12.75,0.0833333333333339,2.31834775290989,-0.526014075413165,-0.120933303133745,0.00347831000837877
S1_excl_cages,crossing_rate,B4|sys.4|CC1,Female,B4,sys.4,4,26.0917213385706,24.0702381358219,2.02148320274869,2.73780191633982,24.3411585650563,30.176367810104,12.75,0.0833333333333339,1.96476954160321,-1.05902856502606,0.39101768013244,0.0363637987431505
S1_excl_cages,crossing_rate,B4|sys.5|CC1,Female,B4,sys.5,4,22.6739559236141,24.0702381358219,-1.39628221220783,5.6406338296235,16.1718656219894,29.1760462252387,12.5,-0.166666666666666,2.09194950554266,0.82524203445504,-0.270084376998691,0.0173490373640128
S1_excl_cages,shared_zone_use,B5|sys.4|CC1,Male,B5,sys.4,4,0.27612499645893,0.285484095978734,-0.00935909951980357,0.0793224206579005,0.159934415965828,0.339018460627154,12.25,-0.15,2.08294505486066,0.00586744054853355,-0.154186153538774,0.00352501665542567
S1_excl_cages,shared_zone_use,B5|sys.5|CC1,Male,B5,sys.5,3,0.295149325016466,0.285484095978734,0.00966522903773254,0.0573601241088322,0.237261512135979,0.351966779449671,12.3333333333333,-0.0666666666666664,2.04381861360014,0.00884503666114393,0.159229473438757,0.00281954224517467
S1_excl_cages,shared_zone_use,B3|sys.2|CC1,Female,B3,sys.2,4,0.247968618490355,0.247612941069747,0.000355677420608103,0.0308130054456199,0.205530034268719,0.275008873828431,13,-0.5625,2.27168305968567,-0.0166262801008785,0.00585959506767879,5.09102974296e-06
S1_excl_cages,shared_zone_use,B3|sys.4|CC1,Female,B3,sys.4,4,0.258070743741114,0.247612941069747,0.0104578026713664,0.0663332153489704,0.193474941431394,0.316202209373089,13.5,-0.0625,2.08635429388121,0.00586744054853355,0.172286699693021,0.00440122861924077
S1_excl_cages,shared_zone_use,B3|sys.5|CC1,Female,B3,sys.5,4,0.2303337738557,0.247612941069747,-0.0172791672140474,0.0287533196538434,0.195220209166921,0.262797215902158,12.75,-0.8125,2.18104222286651,0.00884503666114393,-0.284665028238013,0.0120154117340657
S1_excl_cages,shared_zone_use,B1|sys.1|CC1,Male,B1,sys.1,4,0.296101784566349,0.256607164090266,0.0394946204760824,0.103908710581505,0.142291101163045,0.371140081671557,12.25,0.375,2.03308459195255,-0.00337944900223048,0.650652726129858,0.0627724287280863
S1_excl_cages,shared_zone_use,B5|sys.1|CC1,Male,B5,sys.1,4,0.303426666455395,0.285484095978734,0.0179425704766609,0.0261045397641496,0.26861707703287,0.331935782342546,12.5,0.0999999999999996,2.02793699469226,-0.00337944900223048,0.295594241790131,0.0129557441853562
S1_excl_cages,shared_zone_use,B5|sys.2|CC1,Male,B5,sys.2,4,0.269651703243577,0.285484095978734,-0.0158323927351568,0.0715964470608964,0.164384336489117,0.322277519423891,12.5,0.0999999999999996,2.044301743682,-0.0166262801008785,-0.260830193330425,0.0100875604746464
S1_excl_cages,shared_zone_use,B1|sys.4|CC1,Male,B1,sys.4,4,0.217112543614184,0.256607164090266,-0.0394946204760824,0.0330296129442587,0.167925813854303,0.236506186107705,11.5,-0.375,2.30868547959553,0.00586744054853355,-0.650652726129858,0.0627724287280863
S1_excl_cages,shared_zone_use,B6|sys.4|CC1,Female,B6,sys.4,4,0.192239525923745,0.234594097610195,-0.0423545716864496,0.0441703567365555,0.146310428026232,0.246770195650592,12.5,0.833333333333334,2.05784934334526,0.00586744054853355,-0.697768891045298,0.0721927575916348
S1_excl_cages,shared_zone_use,B6|sys.3|CC1,Female,B6,sys.3,4,0.243113993520038,0.234594097610195,0.00851989590984289,0.0331630965743403,0.205746682347357,0.271784783647352,11.5,-0.166666666666666,2.05465760379815,0.00529325189343151,0.140360723391151,0.0029212022091061
S1_excl_cages,shared_zone_use,B6|sys.1|CC1,Female,B6,sys.1,4,0.268428773386801,0.234594097610195,0.0338346757766067,0.0555762613805811,0.203109065764782,0.330237385728376,11,-0.666666666666666,1.84605302356628,-0.00337944900223048,0.557408167654146,0.0460698799937892
S1_excl_cages,shared_zone_use,B2|sys.1|CC1,Male,B2,sys.1,4,0.229914135583116,0.288251200910505,-0.0583370653273897,0.0431129729246636,0.182128184293861,0.282340539953307,10,-0.25,2.10622411254618,-0.00337944900223048,-0.961071916431461,0.136956357991443
S1_excl_cages,shared_zone_use,B2|sys.2|CC1,Male,B2,sys.2,4,0.253444987486435,0.288251200910505,-0.0348062134240709,0.0875931885866205,0.126493261739761,0.314145359434038,10.25,0,1.91072360037102,-0.0166262801008785,-0.573413730215337,0.0487535899530476
S1_excl_cages,shared_zone_use,B2|sys.3|CC1,Male,B2,sys.3,4,0.326953035716934,0.288251200910505,0.0387018348064286,0.0538020666887854,0.261160339031444,0.375079360228493,10.75,0.5,2.09132398942569,0.00529325189343151,0.637592006695693,0.0602776277800251
S1_excl_cages,shared_zone_use,B2|sys.5|CC1,Male,B2,sys.5,4,0.342692644855538,0.288251200910505,0.0544414439450321,0.00930569559821489,0.336924509260333,0.356454281429494,10,-0.25,1.97076373764321,0.00884503666114393,0.896893639951105,0.119275793234097
S1_excl_cages,shared_zone_use,B3|sys.1|CC1,Female,B3,sys.1,4,0.25407862819182,0.247612941069747,0.00646568712207285,0.046392611665829,0.184803037288938,0.282093945415773,15,1.4375,2.26531575923605,-0.00337944900223048,0.106518733477312,0.00168237347596916
S1_excl_cages,shared_zone_use,B4|sys.2|CC1,Female,B4,sys.2,4,0.217021450468595,0.280595541913983,-0.0635740914453883,0.0435160540516426,0.152079083500495,0.244401649305518,12.75,0.0833333333333339,2.31834775290989,-0.0166262801008785,-1.04734911771645,0.162649737666881
S1_excl_cages,shared_zone_use,B4|sys.4|CC1,Female,B4,sys.4,4,0.347015992083657,0.280595541913983,0.0664204501696739,0.0789848555850339,0.229112266456837,0.392646892279255,12.75,0.0833333333333339,1.96476954160321,0.00586744054853355,1.09424135370138,0.177540186635054
S1_excl_cages,shared_zone_use,B4|sys.5|CC1,Female,B4,sys.5,4,0.277749183189697,0.280595541913983,-0.00284635872428557,0.053180442338013,0.2158025169403,0.343966751771265,12.5,-0.166666666666666,2.09194950554266,0.00884503666114393,-0.0468922359849352,0.000326041069128839
S2_drop692,crossing_rate,B5|sys.4|CC1,Male,B5,sys.4,4,20.6892830139279,22.9853142205089,-2.29603120658094,2.86637665909556,17.3348272583968,24.2520900586225,12.25,-0.15,2.08294505486066,-1.05902856502606,-0.444123797164483,0.0464966269372981
S2_drop692,crossing_rate,B5|sys.5|CC1,Male,B5,sys.5,3,27.5023701695719,22.9853142205089,4.51705594906304,1.62674196819036,25.9189003719299,29.1691804828793,12.3333333333333,-0.0666666666666664,2.04381861360014,0.82524203445504,0.873739012933389,0.134970258157335
S2_drop692,crossing_rate,B3|sys.2|CC1,Female,B3,sys.2,4,22.0334806899905,28.2408296533164,-6.20734896332593,1.34229946061514,20.3642776074155,23.201922847793,13,-0.5625,2.27168305968567,-0.526014075413165,-1.20069421705403,0.339842897409951
S2_drop692,crossing_rate,B3|sys.4|CC1,Female,B3,sys.4,4,27.520985823956,28.2408296533164,-0.719843829360489,3.27831301272743,23.6192236184368,31.0471773358957,13.5,-0.0625,2.08635429388121,-1.05902856502606,-0.139240169708787,0.00457027620808923
S2_drop692,crossing_rate,B3|sys.5|CC1,Female,B3,sys.5,4,29.5866246386426,28.2408296533164,1.34579498532614,6.76816739519718,22.0334806899905,36.1382467377496,12.75,-0.8125,2.18104222286651,0.82524203445504,0.260318578151213,0.0159743680694841
S2_drop692,crossing_rate,B1|sys.1|CC1,Male,B1,sys.1,4,25.3089825235554,25.0899022956104,0.219080227945025,7.79330624703999,18.6948461179766,36.5551008914007,12.25,0.375,2.03308459195255,0.263600435253636,0.0423769252089103,0.000423323368949948
S2_drop692,crossing_rate,B5|sys.1|CC1,Male,B5,sys.1,4,21.1893261079201,22.9853142205089,-1.79598811258872,2.10438240167059,19.1683186030349,23.1686633549727,12.5,0.0999999999999996,2.02793699469226,0.263600435253636,-0.347399921193995,0.0284493790089604
S2_drop692,crossing_rate,B5|sys.2|CC1,Male,B5,sys.2,4,23.6895415778813,22.9853142205089,0.704227357372385,5.251720079843,20.1684047910194,31.5027149215096,12.5,0.0999999999999996,2.044301743682,-0.526014075413165,0.136219458658437,0.00437412973592381
S2_drop692,crossing_rate,B1|sys.4|CC1,Male,B1,sys.4,4,24.8708220676653,25.0899022956104,-0.219080227945025,3.72742609630003,20.8647836138132,29.8783701349805,11.5,-0.375,2.30868547959553,-1.05902856502606,-0.0423769252089103,0.000423323368949948
S2_drop692,crossing_rate,B6|sys.4|CC1,Female,B6,sys.4,4,16.6594124845715,17.7748117450853,-1.11539926051375,3.43999413820039,13.6949556264147,20.04139847768,12.5,1,2.05784934334526,-1.05902856502606,-0.215752884156786,0.0109730303381604
S2_drop692,crossing_rate,B6|sys.3|CC1,Female,B6,sys.3,4,17.3483355572418,17.7748117450853,-0.426476187843495,9.54170554141733,6.34644285126534,29.3940511005974,11.5,0,2.05465760379815,0.496200170730546,-0.0824937498246537,0.00160418869130547
S2_drop692,crossing_rate,B6|sys.5|CC1,Female,B6,sys.5,2,16.7429183115619,17.7748117450853,-1.03189343352338,5.84570611681208,12.6093798755404,20.8764567475834,10.5,-1,2.30316280698287,0.82524203445504,-0.199600261813489,0.00469575659856982
S2_drop692,crossing_rate,B6|sys.1|CC1,Female,B6,sys.1,4,19.8326339102042,17.7748117450853,2.05782216511892,10.3397839820425,13.026909010492,35.2394589899207,11,-0.5,1.84605302356628,0.263600435253636,0.398046764888182,0.0373492217678372
S2_drop692,crossing_rate,B2|sys.1|CC1,Male,B2,sys.1,4,13.5971637261825,14.9787773716727,-1.38161364549018,3.23077231086873,9.50967279009084,16.3499637443667,10,-0.25,2.10622411254618,0.263600435253636,-0.267247020289021,0.01683600721729
S2_drop692,crossing_rate,B2|sys.2|CC1,Male,B2,sys.2,4,14.6816000969824,14.9787773716727,-0.297177274690338,2.89930690423404,11.3448728022136,17.8514910270126,10.25,0,1.91072360037102,-0.526014075413165,-0.057483321345185,0.00077892755356318
S2_drop692,crossing_rate,B2|sys.3|CC1,Male,B2,sys.3,4,15.2863819191592,14.9787773716727,0.307604547486486,0.533593887126411,14.5147637322439,15.682618285413,10.75,0.5,2.09132398942569,0.496200170730546,0.059500279988875,0.000834548111404543
S2_drop692,crossing_rate,B2|sys.5|CC1,Male,B2,sys.5,4,16.3499637443667,14.9787773716727,1.37118637269404,3.66534089017422,13.013236449598,21.3550546865198,10,-0.25,1.97076373764321,0.82524203445504,0.265230061645332,0.0165828377815985
S2_drop692,crossing_rate,B3|sys.1|CC1,Female,B3,sys.1,4,33.8222274606767,28.2408296533164,5.58139780736029,7.46346443410395,25.3718868551406,43.399280146951,15,1.4375,2.26531575923605,0.263600435253636,1.07961580861161,0.274758938807043
S2_drop692,crossing_rate,B4|sys.2|CC1,Female,B4,sys.2,4,23.4450371452811,24.2300117222934,-0.784974577012388,2.07941344012495,20.6733127538834,25.67492067821,12.75,0.0166666666666675,2.31834775290989,-0.526014075413165,-0.151838480601259,0.00543471855500882
S2_drop692,crossing_rate,B4|sys.4|CC1,Female,B4,sys.4,4,26.0917213385706,24.2300117222934,1.86170961627714,2.73780191633982,24.3411585650563,30.176367810104,12.75,0.0166666666666675,1.96476954160321,-1.05902856502606,0.360112502664927,0.0305696002423793
S2_drop692,crossing_rate,B4|sys.5|CC1,Female,B4,sys.5,4,22.6739559236141,24.2300117222934,-1.55605579867938,5.6406338296235,16.1718656219894,29.1760462252387,12.5,-0.233333333333333,2.09194950554266,0.82524203445504,-0.300989554466205,0.0213558178570059
S2_drop692,crossing_rate,B4|sys.1|CC1,Female,B4,sys.1,3,24.8691060681796,24.2300117222934,0.639094345886196,5.82587338100121,21.3401938104603,31.5934900553299,13,0.266666666666668,2.17767997589143,0.263600435253636,0.123620709870052,0.00270182421389274
S2_drop692,shared_zone_use,B5|sys.4|CC1,Male,B5,sys.4,4,0.27612499645893,0.285484095978734,-0.00935909951980357,0.0793224206579005,0.159934415965828,0.339018460627154,12.25,-0.15,2.08294505486066,0.00586744054853355,-0.154186153538774,0.00300540712946275
S2_drop692,shared_zone_use,B5|sys.5|CC1,Male,B5,sys.5,3,0.295149325016466,0.285484095978734,0.00966522903773254,0.0573601241088322,0.237261512135979,0.351966779449671,12.3333333333333,-0.0666666666666664,2.04381861360014,0.00884503666114393,0.159229473438757,0.00240392406442292
S2_drop692,shared_zone_use,B3|sys.2|CC1,Female,B3,sys.2,4,0.247968618490355,0.247612941069747,0.000355677420608103,0.0308130054456199,0.205530034268719,0.275008873828431,13,-0.5625,2.27168305968567,-0.0166262801008785,0.00585959506767879,4.34058008272056e-06
S2_drop692,shared_zone_use,B3|sys.4|CC1,Female,B3,sys.4,4,0.258070743741114,0.247612941069747,0.0104578026713664,0.0663332153489704,0.193474941431394,0.316202209373089,13.5,-0.0625,2.08635429388121,0.00586744054853355,0.172286699693021,0.0037524599636436
S2_drop692,shared_zone_use,B3|sys.5|CC1,Female,B3,sys.5,4,0.2303337738557,0.247612941069747,-0.0172791672140474,0.0287533196538434,0.195220209166921,0.262797215902158,12.75,-0.8125,2.18104222286651,0.00884503666114393,-0.284665028238013,0.0102442648131632
S2_drop692,shared_zone_use,B1|sys.1|CC1,Male,B1,sys.1,4,0.296101784566349,0.256607164090266,0.0394946204760824,0.103908710581505,0.142291101163045,0.371140081671557,12.25,0.375,2.03308459195255,-0.00337944900223048,0.650652726129858,0.0535193797007184
S2_drop692,shared_zone_use,B5|sys.1|CC1,Male,B5,sys.1,4,0.303426666455395,0.285484095978734,0.0179425704766609,0.0261045397641496,0.26861707703287,0.331935782342546,12.5,0.0999999999999996,2.02793699469226,-0.00337944900223048,0.295594241790131,0.0110459863734923
S2_drop692,shared_zone_use,B5|sys.2|CC1,Male,B5,sys.2,4,0.269651703243577,0.285484095978734,-0.0158323927351568,0.0715964470608964,0.164384336489117,0.322277519423891,12.5,0.0999999999999996,2.044301743682,-0.0166262801008785,-0.260830193330425,0.00860059090010966
S2_drop692,shared_zone_use,B1|sys.4|CC1,Male,B1,sys.4,4,0.217112543614184,0.256607164090266,-0.0394946204760824,0.0330296129442587,0.167925813854303,0.236506186107705,11.5,-0.375,2.30868547959553,0.00586744054853355,-0.650652726129858,0.0535193797007184
S2_drop692,shared_zone_use,B6|sys.4|CC1,Female,B6,sys.4,4,0.192239525923745,0.221870355094452,-0.0296308291707075,0.0441703567365555,0.146310428026232,0.246770195650592,12.5,1,2.05784934334526,0.00586744054853355,-0.488152045645922,0.0301247041829855
S2_drop692,shared_zone_use,B6|sys.3|CC1,Female,B6,sys.3,4,0.243113993520038,0.221870355094452,0.021243638425585,0.0331630965743403,0.205746682347357,0.271784783647352,11.5,0,2.05465760379815,0.00529325189343151,0.349977568790527,0.015484350149386
S2_drop692,shared_zone_use,B6|sys.5|CC1,Female,B6,sys.5,2,0.1455279,0.221870355094452,-0.0763424550944525,0,0.1455279,0.1455279,10.5,-1,2.30316280698287,0.00884503666114393,-1.25770107239625,0.0999855938830743
S2_drop692,shared_zone_use,B6|sys.1|CC1,Female,B6,sys.1,4,0.268428773386801,0.221870355094452,0.0465584182923488,0.0555762613805811,0.203109065764782,0.330237385728376,11,-0.5,1.84605302356628,-0.00337944900223048,0.767025013053522,0.074375794363279
S2_drop692,shared_zone_use,B2|sys.1|CC1,Male,B2,sys.1,4,0.229914135583116,0.288251200910505,-0.0583370653273897,0.0431129729246636,0.182128184293861,0.282340539953307,10,-0.25,2.10622411254618,-0.00337944900223048,-0.961071916431461,0.116768133307737
S2_drop692,shared_zone_use,B2|sys.2|CC1,Male,B2,sys.2,4,0.253444987486435,0.288251200910505,-0.0348062134240709,0.0875931885866205,0.126493261739761,0.314145359434038,10.25,0,1.91072360037102,-0.0166262801008785,-0.573413730215337,0.0415670055363466
S2_drop692,shared_zone_use,B2|sys.3|CC1,Male,B2,sys.3,4,0.326953035716934,0.288251200910505,0.0387018348064286,0.0538020666887854,0.261160339031444,0.375079360228493,10.75,0.5,2.09132398942569,0.00529325189343151,0.637592006695693,0.0513923280329333
S2_drop692,shared_zone_use,B2|sys.5|CC1,Male,B2,sys.5,4,0.342692644855538,0.288251200910505,0.0544414439450321,0.00930569559821489,0.336924509260333,0.356454281429494,10,-0.25,1.97076373764321,0.00884503666114393,0.896893639951105,0.101693794497771
S2_drop692,shared_zone_use,B3|sys.1|CC1,Female,B3,sys.1,4,0.25407862819182,0.247612941069747,0.00646568712207285,0.046392611665829,0.184803037288938,0.282093945415773,15,1.4375,2.26531575923605,-0.00337944900223048,0.106518733477312,0.00143438109187776
S2_drop692,shared_zone_use,B4|sys.2|CC1,Female,B4,sys.2,4,0.217021450468595,0.272865096071972,-0.0558436456033775,0.0435160540516426,0.152079083500495,0.244401649305518,12.75,0.0166666666666675,2.31834775290989,-0.0166262801008785,-0.919994161505395,0.106999736006793
S2_drop692,shared_zone_use,B4|sys.4|CC1,Female,B4,sys.4,4,0.347015992083657,0.272865096071972,0.0741508960116848,0.0789848555850339,0.229112266456837,0.392646892279255,12.75,0.0166666666666675,1.96476954160321,0.00586744054853355,1.22159630991243,0.188654855829539
S2_drop692,shared_zone_use,B4|sys.5|CC1,Female,B4,sys.5,4,0.277749183189697,0.272865096071972,0.00488408711772531,0.053180442338013,0.2158025169403,0.343966751771265,12.5,-0.233333333333333,2.09194950554266,0.00884503666114393,0.0804627202261172,0.00081846852968399
S2_drop692,shared_zone_use,B4|sys.1|CC1,Female,B4,sys.1,3,0.241943312703929,0.272865096071972,-0.0309217833680433,0.05260573719995,0.182019187099216,0.280518619043604,13,0.266666666666668,2.17767997589143,-0.00337944900223048,-0.509419824844206,0.0246051213627797
S8_4tracked,crossing_rate,B5|sys.4|CC1,Male,B5,sys.4,4,20.6892830139279,21.8560502332431,-1.16676721931518,2.86637665909556,17.3348272583968,24.2520900586225,12.25,-0.166666666666666,2.08294505486066,-1.05902856502606,-0.225689043931135,0.0145993852850532
S8_4tracked,crossing_rate,B3|sys.2|CC1,Female,B3,sys.2,4,22.0334806899905,28.2408296533164,-6.20734896332593,1.34229946061514,20.3642776074155,23.201922847793,13,-0.5625,2.27168305968567,-0.526014075413165,-1.20069421705403,0.413217260629479
S8_4tracked,crossing_rate,B3|sys.4|CC1,Female,B3,sys.4,4,27.520985823956,28.2408296533164,-0.719843829360489,3.27831301272743,23.6192236184368,31.0471773358957,13.5,-0.0625,2.08635429388121,-1.05902856502606,-0.139240169708787,0.00555702952575937
S8_4tracked,crossing_rate,B3|sys.5|CC1,Female,B3,sys.5,4,29.5866246386426,28.2408296533164,1.34579498532614,6.76816739519718,22.0334806899905,36.1382467377496,12.75,-0.8125,2.18104222286651,0.82524203445504,0.260318578151213,0.0194233413858775
S8_4tracked,crossing_rate,B1|sys.1|CC1,Male,B1,sys.1,4,25.3089825235554,25.0899022956104,0.219080227945025,7.79330624703999,18.6948461179766,36.5551008914007,12.25,0.375,2.03308459195255,0.263600435253636,0.0423769252089103,0.000514721726453882
S8_4tracked,crossing_rate,B5|sys.1|CC1,Male,B5,sys.1,4,21.1893261079201,21.8560502332431,-0.666724125322958,2.10438240167059,19.1683186030349,23.1686633549727,12.5,0.0833333333333339,2.02793699469226,0.263600435253636,-0.128965167960648,0.00476714621552751
S8_4tracked,crossing_rate,B5|sys.2|CC1,Male,B5,sys.2,4,23.6895415778813,21.8560502332431,1.83349134463814,5.251720079843,20.1684047910194,31.5027149215096,12.5,0.0833333333333339,2.044301743682,-0.526014075413165,0.354654211891784,0.0360515432549272
S8_4tracked,crossing_rate,B1|sys.4|CC1,Male,B1,sys.4,4,24.8708220676653,25.0899022956104,-0.219080227945025,3.72742609630003,20.8647836138132,29.8783701349805,11.5,-0.375,2.30868547959553,-1.05902856502606,-0.0423769252089103,0.000514721726453882
S8_4tracked,crossing_rate,B6|sys.4|CC1,Female,B6,sys.4,4,16.6594124845715,17.9467939840058,-1.28738149943431,3.43999413820039,13.6949556264147,20.04139847768,12.5,0.833333333333334,2.05784934334526,-1.05902856502606,-0.249019594459033,0.0177738151628039
S8_4tracked,crossing_rate,B6|sys.3|CC1,Female,B6,sys.3,4,17.3483355572418,17.9467939840058,-0.598458426764054,9.54170554141733,6.34644285126534,29.3940511005974,11.5,-0.166666666666666,2.05465760379815,0.496200170730546,-0.115760460126901,0.00384090977192392
S8_4tracked,crossing_rate,B6|sys.1|CC1,Female,B6,sys.1,4,19.8326339102042,17.9467939840058,1.88583992619836,10.3397839820425,13.026909010492,35.2394589899207,11,-0.666666666666666,1.84605302356628,0.263600435253636,0.364780054585934,0.0381395693023074
S8_4tracked,crossing_rate,B2|sys.1|CC1,Male,B2,sys.1,4,13.5971637261825,14.9787773716727,-1.38161364549018,3.23077231086873,9.50967279009084,16.3499637443667,10,-0.25,2.10622411254618,0.263600435253636,-0.267247020289021,0.0204710142106474
S8_4tracked,crossing_rate,B2|sys.2|CC1,Male,B2,sys.2,4,14.6816000969824,14.9787773716727,-0.297177274690338,2.89930690423404,11.3448728022136,17.8514910270126,10.25,0,1.91072360037102,-0.526014075413165,-0.057483321345185,0.00094710324201342
S8_4tracked,crossing_rate,B2|sys.3|CC1,Male,B2,sys.3,4,15.2863819191592,14.9787773716727,0.307604547486486,0.533593887126411,14.5147637322439,15.682618285413,10.75,0.5,2.09132398942569,0.496200170730546,0.059500279988875,0.00101473265172319
S8_4tracked,crossing_rate,B2|sys.5|CC1,Male,B2,sys.5,4,16.3499637443667,14.9787773716727,1.37118637269404,3.66534089017422,13.013236449598,21.3550546865198,10,-0.25,1.97076373764321,0.82524203445504,0.265230061645332,0.0201631837940377
S8_4tracked,crossing_rate,B3|sys.1|CC1,Female,B3,sys.1,4,33.8222274606767,28.2408296533164,5.58139780736029,7.46346443410395,25.3718868551406,43.399280146951,15,1.4375,2.26531575923605,0.263600435253636,1.07961580861161,0.334081238397493
S8_4tracked,crossing_rate,B4|sys.2|CC1,Female,B4,sys.2,4,23.4450371452811,24.0702381358219,-0.625200990540836,2.07941344012495,20.6733127538834,25.67492067821,12.75,0.0833333333333339,2.31834775290989,-0.526014075413165,-0.120933303133745,0.00419184723244816
S8_4tracked,crossing_rate,B4|sys.4|CC1,Female,B4,sys.4,4,26.0917213385706,24.0702381358219,2.02148320274869,2.73780191633982,24.3411585650563,30.176367810104,12.75,0.0833333333333339,1.96476954160321,-1.05902856502606,0.39101768013244,0.0438234340112269
S8_4tracked,crossing_rate,B4|sys.5|CC1,Female,B4,sys.5,4,22.6739559236141,24.0702381358219,-1.39628221220783,5.6406338296235,16.1718656219894,29.1760462252387,12.5,-0.166666666666666,2.09194950554266,0.82524203445504,-0.270084376998691,0.0209080024738431
S8_4tracked,shared_zone_use,B5|sys.4|CC1,Male,B5,sys.4,4,0.27612499645893,0.283067788719301,-0.00694279226037042,0.0793224206579005,0.159934415965828,0.339018460627154,12.25,-0.166666666666666,2.08294505486066,0.00586744054853355,-0.114378785179084,0.00194668071779709
S8_4tracked,shared_zone_use,B3|sys.2|CC1,Female,B3,sys.2,4,0.247968618490355,0.247612941069747,0.000355677420608103,0.0308130054456199,0.205530034268719,0.275008873828431,13,-0.5625,2.27168305968567,-0.0166262801008785,0.00585959506767879,5.10903617210923e-06
S8_4tracked,shared_zone_use,B3|sys.4|CC1,Female,B3,sys.4,4,0.258070743741114,0.247612941069747,0.0104578026713664,0.0663332153489704,0.193474941431394,0.316202209373089,13.5,-0.0625,2.08635429388121,0.00586744054853355,0.172286699693021,0.00441679529539534
S8_4tracked,shared_zone_use,B3|sys.5|CC1,Female,B3,sys.5,4,0.2303337738557,0.247612941069747,-0.0172791672140474,0.0287533196538434,0.195220209166921,0.262797215902158,12.75,-0.8125,2.18104222286651,0.00884503666114393,-0.284665028238013,0.0120579089637053
S8_4tracked,shared_zone_use,B1|sys.1|CC1,Male,B1,sys.1,4,0.296101784566349,0.256607164090266,0.0394946204760824,0.103908710581505,0.142291101163045,0.371140081671557,12.25,0.375,2.03308459195255,-0.00337944900223048,0.650652726129858,0.0629944481126677
S8_4tracked,shared_zone_use,B5|sys.1|CC1,Male,B5,sys.1,4,0.303426666455395,0.283067788719301,0.0203588777360941,0.0261045397641496,0.26861707703287,0.331935782342546,12.5,0.0833333333333339,2.02793699469226,-0.00337944900223048,0.33540161014982,0.0167391751775229
S8_4tracked,shared_zone_use,B5|sys.2|CC1,Male,B5,sys.2,4,0.269651703243577,0.283067788719301,-0.0134160854757237,0.0715964470608964,0.164384336489117,0.322277519423891,12.5,0.0833333333333339,2.044301743682,-0.0166262801008785,-0.221022824970736,0.00726905607226771
S8_4tracked,shared_zone_use,B1|sys.4|CC1,Male,B1,sys.4,4,0.217112543614184,0.256607164090266,-0.0394946204760824,0.0330296129442587,0.167925813854303,0.236506186107705,11.5,-0.375,2.30868547959553,0.00586744054853355,-0.650652726129858,0.0629944481126677
S8_4tracked,shared_zone_use,B6|sys.4|CC1,Female,B6,sys.4,4,0.192239525923745,0.234594097610195,-0.0423545716864496,0.0441703567365555,0.146310428026232,0.246770195650592,12.5,0.833333333333334,2.05784934334526,0.00586744054853355,-0.697768891045298,0.0724480956745559
S8_4tracked,shared_zone_use,B6|sys.3|CC1,Female,B6,sys.3,4,0.243113993520038,0.234594097610195,0.00851989590984289,0.0331630965743403,0.205746682347357,0.271784783647352,11.5,-0.166666666666666,2.05465760379815,0.00529325189343151,0.140360723391151,0.00293153418971996
S8_4tracked,shared_zone_use,B6|sys.1|CC1,Female,B6,sys.1,4,0.268428773386801,0.234594097610195,0.0338346757766067,0.0555762613805811,0.203109065764782,0.330237385728376,11,-0.666666666666666,1.84605302356628,-0.00337944900223048,0.557408167654146,0.0462328242451303
S8_4tracked,shared_zone_use,B2|sys.1|CC1,Male,B2,sys.1,4,0.229914135583116,0.288251200910505,-0.0583370653273897,0.0431129729246636,0.182128184293861,0.282340539953307,10,-0.25,2.10622411254618,-0.00337944900223048,-0.961071916431461,0.137440758020754
S8_4tracked,shared_zone_use,B2|sys.2|CC1,Male,B2,sys.2,4,0.253444987486435,0.288251200910505,-0.0348062134240709,0.0875931885866205,0.126493261739761,0.314145359434038,10.25,0,1.91072360037102,-0.0166262801008785,-0.573413730215337,0.0489260262002478
S8_4tracked,shared_zone_use,B2|sys.3|CC1,Male,B2,sys.3,4,0.326953035716934,0.288251200910505,0.0387018348064286,0.0538020666887854,0.261160339031444,0.375079360228493,10.75,0.5,2.09132398942569,0.00529325189343151,0.637592006695693,0.0604908233197694
S8_4tracked,shared_zone_use,B2|sys.5|CC1,Male,B2,sys.5,4,0.342692644855538,0.288251200910505,0.0544414439450321,0.00930569559821489,0.336924509260333,0.356454281429494,10,-0.25,1.97076373764321,0.00884503666114393,0.896893639951105,0.119697658991817
S8_4tracked,shared_zone_use,B3|sys.1|CC1,Female,B3,sys.1,4,0.25407862819182,0.247612941069747,0.00646568712207285,0.046392611665829,0.184803037288938,0.282093945415773,15,1.4375,2.26531575923605,-0.00337944900223048,0.106518733477312,0.00168832385149771
S8_4tracked,shared_zone_use,B4|sys.2|CC1,Female,B4,sys.2,4,0.217021450468595,0.280595541913983,-0.0635740914453883,0.0435160540516426,0.152079083500495,0.244401649305518,12.75,0.0833333333333339,2.31834775290989,-0.0166262801008785,-1.04734911771645,0.163225012439433
S8_4tracked,shared_zone_use,B4|sys.4|CC1,Female,B4,sys.4,4,0.347015992083657,0.280595541913983,0.0664204501696739,0.0789848555850339,0.229112266456837,0.392646892279255,12.75,0.0833333333333339,1.96476954160321,0.00586744054853355,1.09424135370138,0.178168127337267
S8_4tracked,shared_zone_use,B4|sys.5|CC1,Female,B4,sys.5,4,0.277749183189697,0.280595541913983,-0.00284635872428557,0.053180442338013,0.2158025169403,0.343966751771265,12.5,-0.166666666666666,2.09194950554266,0.00884503666114393,-0.0468922359849352,0.000327194241612093
S4_board_adj,crossing_rate,B5|sys.4|CC1,Male,B5,sys.4,4,21.748311578954,23.1726504016674,-1.42433882271336,2.86637665909556,18.3938558234229,25.3111186236486,12.25,-0.15,2.08294505486066,-1.05902856502606,-0.275511397484112,0.0169195167760882
S4_board_adj,crossing_rate,B5|sys.5|CC1,Male,B5,sys.5,3,26.6771281351169,23.1726504016674,3.50447773344951,1.62674196819036,25.0936583374749,28.3439384484243,12.3333333333333,-0.0666666666666664,2.04381861360014,0.82524203445504,0.677874914590411,0.076819098258879
S4_board_adj,crossing_rate,B3|sys.2|CC1,Female,B3,sys.2,4,22.5594947654037,28.3648796959991,-5.80538493059541,1.34229946061514,20.8902916828287,23.7279369232062,13,-0.5625,2.27168305968567,-0.526014075413165,-1.12294187987841,0.281075747405505
S4_board_adj,crossing_rate,B3|sys.4|CC1,Female,B3,sys.4,4,28.580014388982,28.3648796959991,0.215134692982936,3.27831301272743,24.6782521834629,32.1062059009218,13.5,-0.0625,2.08635429388121,-1.05902856502606,0.0416137361180192,0.000385995493068181
S4_board_adj,crossing_rate,B3|sys.5|CC1,Female,B3,sys.5,4,28.7613826041875,28.3648796959991,0.396502908188467,6.76816739519718,21.2082386555355,35.3130047032946,12.75,-0.8125,2.18104222286651,0.82524203445504,0.0766959859546726,0.00131115515175914
S4_board_adj,crossing_rate,B1|sys.1|CC1,Male,B1,sys.1,4,25.0453820883017,25.4876163604966,-0.442234272194824,7.79330624703999,18.431245682723,36.2915004561471,12.25,0.375,2.03308459195255,0.263600435253636,-0.0855418531074363,0.00163104568065693
S4_board_adj,crossing_rate,B5|sys.1|CC1,Male,B5,sys.1,4,20.9257256726665,23.1726504016674,-2.24692472900084,2.10438240167059,18.9047181677813,22.9050629197191,12.5,0.0999999999999996,2.02793699469226,0.263600435253636,-0.434625078146319,0.0421054564368365
S4_board_adj,crossing_rate,B5|sys.2|CC1,Male,B5,sys.2,4,24.2155556532944,23.1726504016674,1.04290525162707,5.251720079843,20.6944188664326,32.0287289969228,12.5,0.0999999999999996,2.044301743682,-0.526014075413165,0.201730289687621,0.00907091381046296
S4_board_adj,crossing_rate,B1|sys.4|CC1,Male,B1,sys.4,4,25.9298506326914,25.4876163604966,0.442234272194821,3.72742609630003,21.9238121788393,30.9373987000066,11.5,-0.375,2.30868547959553,-1.05902856502606,0.0855418531074356,0.00163104568065691
S4_board_adj,crossing_rate,B6|sys.4|CC1,Female,B6,sys.4,4,17.7184410495976,16.8831297599559,0.835311289641656,3.43999413820039,14.7539841914408,21.1004270427061,12.5,1.36666666666667,2.05784934334526,-1.05902856502606,0.161575165314259,0.00581912965757347
S4_board_adj,crossing_rate,B6|sys.3|CC1,Female,B6,sys.3,4,16.8521353865112,16.8831297599559,-0.0309943734446954,9.54170554141733,5.85024268053479,28.8978509298669,11.5,0.366666666666667,2.05465760379815,0.496200170730546,-0.00599527514501438,8.01174382949104e-06
S4_board_adj,crossing_rate,B6|sys.5|CC1,Female,B6,sys.5,3,12.2295022517005,16.8831297599559,-4.65362750825548,7.60881218897632,4.85315420088764,20.0512147131284,9,-2.13333333333333,1.97538585098548,0.82524203445504,-0.900156197194375,0.135458365519142
S4_board_adj,crossing_rate,B6|sys.1|CC1,Female,B6,sys.1,4,19.5690334749506,16.8831297599559,2.68590371499463,10.3397839820425,12.7633085752384,34.9758585546671,11,-0.133333333333333,1.84605302356628,0.263600435253636,0.519537257726533,0.0601647631621348
S4_board_adj,crossing_rate,B2|sys.1|CC1,Male,B2,sys.1,4,13.3335632909289,14.7140202304162,-1.3804569394873,3.23077231086873,9.2460723548372,16.0863633091131,10,-0.25,2.10622411254618,0.263600435253636,-0.267023277397056,0.0158930430639986
S4_board_adj,crossing_rate,B2|sys.2|CC1,Male,B2,sys.2,4,15.2076141723955,14.7140202304162,0.493593941979341,2.89930690423404,11.8708868776268,18.3775051024258,10.25,0,1.91072360037102,-0.526014075413165,0.0954764095282876,0.00203189365103614
S4_board_adj,crossing_rate,B2|sys.3|CC1,Male,B2,sys.3,4,14.7901817484286,14.7140202304162,0.0761615180124551,0.533593887126411,14.0185635615134,15.1864181146825,10.75,0.5,2.09132398942569,0.496200170730546,0.0147320047221276,4.83762850735424e-05
S4_board_adj,crossing_rate,B2|sys.5|CC1,Male,B2,sys.5,4,15.5247217099117,14.7140202304162,0.810701479495512,3.66534089017422,12.187994415143,20.5298126520648,10,-0.25,1.97076373764321,0.82524203445504,0.156814863146642,0.00548129609349425
S4_board_adj,crossing_rate,B3|sys.1|CC1,Female,B3,sys.1,4,33.5586270254231,28.3648796959991,5.19374732942402,7.46346443410395,25.108286419887,43.1356797116974,15,1.4375,2.26531575923605,0.263600435253636,1.00463215780572,0.224969149917933
S4_board_adj,crossing_rate,B4|sys.2|CC1,Female,B4,sys.2,4,23.9710512206942,24.3799051301718,-0.40885390947761,2.07941344012495,21.1993268292966,26.2009347536232,12.75,0.0166666666666675,2.31834775290989,-0.526014075413165,-0.0790850534793629,0.00139411192255125
S4_board_adj,crossing_rate,B4|sys.4|CC1,Female,B4,sys.4,4,27.1507499035966,24.3799051301718,2.77084477342481,2.73780191633982,25.4001871300824,31.2353963751301,12.75,0.0166666666666675,1.96476954160321,-1.05902856502606,0.535967498438007,0.0640303277739433
S4_board_adj,crossing_rate,B4|sys.5|CC1,Female,B4,sys.5,4,21.848713889159,24.3799051301718,-2.53119124101282,5.6406338296235,15.3466235875344,28.3508041907837,12.5,-0.233333333333333,2.09194950554266,0.82524203445504,-0.489611056716473,0.0534332080788369
S4_board_adj,crossing_rate,B4|sys.1|CC1,Female,B4,sys.1,3,24.605505632926,24.3799051301718,0.225600502754169,5.82587338100121,21.0765933752067,31.3298896200763,13,0.266666666666668,2.17767997589143,0.263600435253636,0.0436381490104393,0.00031834843653987
S4_board_adj,shared_zone_use,B5|sys.4|CC1,Male,B5,sys.4,4,0.270257555910397,0.287485298927725,-0.0172277430173285,0.0793224206579005,0.154066975417294,0.33315102007862,12.25,-0.15,2.08294505486066,0.00586744054853355,-0.283817842130618,0.0129944463966537
S4_board_adj,shared_zone_use,B5|sys.5|CC1,Male,B5,sys.5,3,0.286304288355322,0.287485298927725,-0.00118101057240277,0.0573601241088322,0.228416475474835,0.343121742788527,12.3333333333333,-0.0666666666666664,2.04381861360014,0.00884503666114393,-0.0194565168435383,4.5800460696344e-05
S4_board_adj,shared_zone_use,B3|sys.2|CC1,Female,B3,sys.2,4,0.264594898591234,0.248936254043105,0.0156586445481287,0.0308130054456199,0.222156314369597,0.29163515392931,13,-0.5625,2.27168305968567,-0.0166262801008785,0.257967784977409,0.0107351803187769
S4_board_adj,shared_zone_use,B3|sys.4|CC1,Female,B3,sys.4,4,0.25220330319258,0.248936254043105,0.0032670491494749,0.0663332153489704,0.18760750088286,0.310334768824555,13.5,-0.0625,2.08635429388121,0.00586744054853355,0.0538228854938204,0.000467317826732001
S4_board_adj,shared_zone_use,B3|sys.5|CC1,Female,B3,sys.5,4,0.221488737194556,0.248936254043105,-0.0274475168485492,0.0287533196538434,0.186375172505777,0.253952179241014,12.75,-0.8125,2.18104222286651,0.00884503666114393,-0.452183144127664,0.0329842894506677
S4_board_adj,shared_zone_use,B1|sys.1|CC1,Male,B1,sys.1,4,0.299481233568579,0.255363168317115,0.0441180652514644,0.103908710581505,0.145670550165275,0.374519530673787,12.25,0.375,2.03308459195255,-0.00337944900223048,0.726821503319018,0.0852185086426261
S4_board_adj,shared_zone_use,B5|sys.1|CC1,Male,B5,sys.1,4,0.306806115457625,0.287485298927725,0.0193208165299,0.0261045397641496,0.271996526035101,0.335315231344777,12.5,0.0999999999999996,2.02793699469226,-0.00337944900223048,0.318300107576607,0.0163437595828249
S4_board_adj,shared_zone_use,B5|sys.2|CC1,Male,B5,sys.2,4,0.286277983344456,0.287485298927725,-0.00120731558326964,0.0715964470608965,0.181010616589996,0.33890379952477,12.5,0.0999999999999996,2.044301743682,-0.0166262801008785,-0.0198898778133384,6.3817916991284e-05
S4_board_adj,shared_zone_use,B1|sys.4|CC1,Male,B1,sys.4,4,0.21124510306565,0.255363168317115,-0.0441180652514644,0.0330296129442587,0.162058373305769,0.230638745559171,11.5,-0.375,2.30868547959553,0.00586744054853355,-0.726821503319018,0.0852185086426261
S4_board_adj,shared_zone_use,B6|sys.4|CC1,Female,B6,sys.4,4,0.186372085375211,0.23541626413379,-0.0490441787585784,0.0441703567365555,0.140442987477698,0.240902755102058,12.5,1.36666666666667,2.05784934334526,0.00586744054853355,-0.80797658580854,0.105311535637869
S4_board_adj,shared_zone_use,B6|sys.3|CC1,Female,B6,sys.3,4,0.237820741626606,0.23541626413379,0.00240447749281619,0.0331630965743404,0.200453430453925,0.266491531753921,11.5,0.366666666666667,2.05465760379815,0.00529325189343151,0.0396124792885699,0.000253129315445265
S4_board_adj,shared_zone_use,B6|sys.5|CC1,Female,B6,sys.5,3,0.24907992148115,0.23541626413379,0.0136636573473603,0.0619823576726625,0.182599598844133,0.305278473187934,9,-2.13333333333333,1.97538585098548,0.00884503666114393,0.225101439000993,0.00613050428616432
S4_board_adj,shared_zone_use,B6|sys.1|CC1,Female,B6,sys.1,4,0.271808222389032,0.23541626413379,0.0363919582552419,0.0555762613805811,0.206488514767012,0.333616834730607,11,-0.133333333333333,1.84605302356628,-0.00337944900223048,0.599538027269224,0.0579844929153021
S4_board_adj,shared_zone_use,B2|sys.1|CC1,Male,B2,sys.1,4,0.233293584585346,0.289718061047639,-0.0564244764622925,0.0431129729246636,0.185507633296091,0.285719988955537,10,-0.25,2.10622411254618,-0.00337944900223048,-0.929563038917505,0.13939143482466
S4_board_adj,shared_zone_use,B2|sys.2|CC1,Male,B2,sys.2,4,0.270071267587313,0.289718061047639,-0.0196467934603257,0.0875931885866206,0.143119541840639,0.330771639534917,10.25,0,1.91072360037102,-0.0166262801008785,-0.32367040297077,0.0168999092069555
S4_board_adj,shared_zone_use,B2|sys.3|CC1,Male,B2,sys.3,4,0.321659783823502,0.289718061047639,0.0319417227758637,0.0538020666887854,0.255867087138012,0.369786108335062,10.75,0.5,2.09132398942569,0.00529325189343151,0.526222780491989,0.0446701781428116
S4_board_adj,shared_zone_use,B2|sys.5|CC1,Male,B2,sys.5,4,0.333847608194394,0.289718061047639,0.0441295471467548,0.00930569559821489,0.328079472599189,0.34760924476835,10,-0.25,1.97076373764321,0.00884503666114393,0.72701066139629,0.0852628713005416
S4_board_adj,shared_zone_use,B3|sys.1|CC1,Female,B3,sys.1,4,0.25745807719405,0.248936254043105,0.00852182315094541,0.046392611665829,0.188182486291168,0.285473394418003,15,1.4375,2.26531575923605,-0.00337944900223048,0.140392473656432,0.0031795528398721
S4_board_adj,shared_zone_use,B4|sys.2|CC1,Female,B4,sys.2,4,0.233647730569473,0.274051333310072,-0.0404036027405987,0.0435160540516427,0.168705363601374,0.261027929406397,12.75,0.0166666666666675,2.31834775290989,-0.0166262801008785,-0.665627722250391,0.0714728659438958
S4_board_adj,shared_zone_use,B4|sys.4|CC1,Female,B4,sys.4,4,0.341148551535123,0.274051333310072,0.0670972182250514,0.0789848555850339,0.223244825908303,0.386779451730721,12.75,0.0166666666666675,1.96476954160321,0.00586744054853355,1.10539074505851,0.197110628446719
S4_board_adj,shared_zone_use,B4|sys.5|CC1,Female,B4,sys.5,4,0.268904146528553,0.274051333310072,-0.00514718678151843,0.053180442338013,0.206957480279156,0.335121715110121,12.5,-0.233333333333333,2.09194950554266,0.00884503666114393,-0.0847971463182608,0.00115995427208231
S4_board_adj,shared_zone_use,B4|sys.1|CC1,Female,B4,sys.1,3,0.245322761706159,0.274051333310072,-0.0287285716039126,0.05260573719995,0.185398636101446,0.283898068045834,13,0.266666666666668,2.17767997589143,-0.00337944900223048,-0.473287835319812,0.0271013136290855
