metric,rows,n_rows,rank,singular,System,offset,se
crossing_rate,all,444,29,FALSE,sys.1,0.899645289220223,0.686612549304066
crossing_rate,all,444,29,FALSE,sys.2,-0.938265042843087,0.688233153588178
crossing_rate,all,444,29,FALSE,sys.3,-0.130092208905442,0.67402858848336
crossing_rate,all,444,29,FALSE,sys.4,-0.438898514632022,0.68560153357781
crossing_rate,all,444,29,FALSE,sys.5,0.607610477160328,0.691306137069997
crossing_rate,CC2_4,333,23,FALSE,sys.1,0.263600435253636,0.786918920689796
crossing_rate,CC2_4,333,23,FALSE,sys.2,-0.526014075413165,0.77723579155862
crossing_rate,CC2_4,333,23,FALSE,sys.3,0.496200170730546,0.788604724437505
crossing_rate,CC2_4,333,23,FALSE,sys.4,-1.05902856502606,0.794170568577609
crossing_rate,CC2_4,333,23,FALSE,sys.5,0.82524203445504,0.777838053385177
shared_zone_use,all,442,29,FALSE,sys.1,-0.00381052116364802,0.00872192233226202
shared_zone_use,all,442,29,FALSE,sys.2,-0.0161387484069613,0.00886877861401969
shared_zone_use,all,442,29,FALSE,sys.3,0.00998330897743596,0.00869703069284314
shared_zone_use,all,442,29,FALSE,sys.4,0.0006258057146791,0.00869130336269914
shared_zone_use,all,442,29,FALSE,sys.5,0.00934015487849431,0.00885181738118873
shared_zone_use,CC2_4,333,23,FALSE,sys.1,-0.00337944900223048,0.0104267859693962
shared_zone_use,CC2_4,333,23,FALSE,sys.2,-0.0166262801008785,0.0104411947789602
shared_zone_use,CC2_4,333,23,FALSE,sys.3,0.00529325189343151,0.0104696979646495
shared_zone_use,CC2_4,333,23,FALSE,sys.4,0.00586744054853355,0.0104201636636011
shared_zone_use,CC2_4,333,23,FALSE,sys.5,0.00884503666114393,0.0103656522459814
