metric,variant,Sex,Batch,n,n_cages,SSw,SSb,share_within_all,share_between_all,pi_matched_within_sex,between_share_of_within_cohort_ss_sex
crossing_rate,primary,Male,B1,8,2,223.887982690593,0.383969170211551,0.1291408910793,0.000755145887277339,0.00338429427848024,0.202238486804235
crossing_rate,primary,Male,B2,16,4,97.6899495815313,15.8877728971729,0.0563485676490529,0.0312462231139191,0.140034417044658,0.202238486804235
crossing_rate,primary,Female,B3,16,4,342.181485899792,288.050087670829,0.197373800366083,0.566503396391587,0.729214908356884,0.234967868762022
crossing_rate,primary,Female,B4,15,4,198.790410066855,27.2391544708243,0.114664353064144,0.0535707996040987,0.0689574431022563,0.234967868762022
crossing_rate,primary,Male,B5,15,4,125.967891586028,97.1844584329981,0.0726595754327813,0.191131084957993,0.856581288676862,0.202238486804235
crossing_rate,primary,Female,B6,15,4,745.15455717004,79.7247439545483,0.429812812408639,0.156793350045125,0.20182764854086,0.234967868762022
shared_zone_use,primary,Male,B1,8,2,0.0356639263978754,0.0124786003723983,0.173475778205919,0.119655729591216,0.241341409279167,0.308161882030647
shared_zone_use,primary,Male,B2,16,4,0.0375376604151756,0.0363055540805531,0.182589958825735,0.348129392085582,0.702164772087953,0.308161882030647
shared_zone_use,primary,Female,B3,16,4,0.0249856937142516,0.00179946749084927,0.121534926153077,0.0172548674584938,0.0342218906944272,0.370073507078592
shared_zone_use,primary,Female,B4,15,4,0.038415968630543,0.03743135982232,0.186862208590545,0.358924601755656,0.711861654015572,0.370073507078592
shared_zone_use,primary,Male,B5,15,4,0.0428790016167735,0.00292102291246259,0.208571206971922,0.0280093213431593,0.0564938186328801,0.308161882030647
shared_zone_use,primary,Female,B6,15,4,0.0261022219783526,0.0133515243434649,0.126965921252802,0.128026087765893,0.253916455290001,0.370073507078592
