"relative_path","size_bytes","sha256"
"5min_based/analysis_manifest.csv","1415","c2d654ef80aba9414e9ce3afbd4cb1f0310a3116afd310436d4062053f3b375b"
"5min_based/output_manifest.csv","1434","45856055e082934f983aa27710ce406d16a87c3e95120c83db75f6ac1e1a5220"
"5min_based/derived_data/first_active_phase_cage_change_1_first_12h_animal_features.csv","38981","81b784dce0d2c8e27b03dbd4a8d9f0b68a3651fc1b0179518a89541344291e22"
"5min_based/derived_data/first_active_phase_cage_change_1_first_12h_bin_level_data.csv","5933225","cbbf564a24ee14413b6dd6bf918554d984764bc34625ccd494aebc937dcbe70d"
"5min_based/derived_data/first_active_phase_cage_change_1_first_12h_hourly_group_trajectories.csv","10348","12879448f352374aadcc63e17ef1271be6410c4e0f72149cf13d5a22587d28f1"
"5min_based/derived_data/phase_specific_first_12h_by_cage_change_animal_features.csv","283347","37a04b99df5ad1d8c80f4d60fd9bb4c89b190fe51f4a70f6421990dbb6b3ab8a"
"5min_based/figures/exploratory/Fig14A_multiscale_complexity.pdf","43636","d40124f9f16924c2693cb578338adc825f2714aac25ace3eb5ae79e61d1cc92d"
"5min_based/figures/exploratory/Fig14A_multiscale_complexity.png","1165687","f50c25b22c9b25a428acb409d0d92274c1c2dbe4a023112dff812b06a3ba4956"
"5min_based/figures/exploratory/Fig14A_multiscale_complexity.svg","77434","90b01bb35bdcc163b803bed0083a19c1dfa9e1251619293ae5db5ff8d536d45d"
"5min_based/figures/exploratory/Fig14B_early_warning_acf1.pdf","197583","ba3bc30b2a75a8d8cb13b33a3932dac205f8e67ba4df30feb44493e8a2e722ff"
"5min_based/figures/exploratory/Fig14B_early_warning_acf1.png","2924671","6bbcf5c3736d9cd8a732447abcd64f8d9ac54e1f2e170e71ae636389ae87e23b"
"5min_based/figures/exploratory/Fig14B_early_warning_acf1.svg","513494","1767c256f01677da2844b053108baa080d300d84e57e2e3bf93622cbb05a7d27"
"5min_based/figures/exploratory/Fig14C_latent_state_flexibility.pdf","70478","8f58eca78c99dcd52617b132d33963a0bc570427c666119319213b07e5f504d4"
"5min_based/figures/exploratory/Fig14C_latent_state_flexibility.png","214245","1345bfcf710c8ab644c0df90612cd396098c540a2f2346affd467790f2bfa0c7"
"5min_based/figures/exploratory/Fig14C_latent_state_flexibility.svg","109395","c33e1ce9c8144e0f5f94ce2fe03eaf4362ed36bc057ceb29d39fc2d7c04bd872"
"5min_based/figures/exploratory/Fig14D_latent_state_transition_heatmap.pdf","37787","a7161268912d2cb7e06c334f321daf3fa4cdd8fb12d6921e1b03ec489d686fa8"
"5min_based/figures/exploratory/Fig14D_latent_state_transition_heatmap.png","157274","b72e90908927d2904f165e98831922792d23a585344bef078285d87cefd7f0a3"
"5min_based/figures/exploratory/Fig14D_latent_state_transition_heatmap.svg","30663","e1aa6fed93bfddd9014fc4bb381c8ca104b40bc5e12cfceda33e51802f25b12a"
"5min_based/figures/exploratory/Fig14E_behavioral_energy_landscape.pdf","44760","e5ca784fcfbdea47d4fbf1e9451506b98450786086837ee45c32d075cd598821"
"5min_based/figures/exploratory/Fig14E_behavioral_energy_landscape.png","132075","9b92c2cffb9fbdb688f09fc2dbd82eaf99a0de9f6a14fde9210bedf4a207b520"
"5min_based/figures/exploratory/Fig14E_behavioral_energy_landscape.svg","39578","11f13c5f7cdb972a4dd7fc14a32b4d064cb014a82d5d3fccc73ceddc7ad31ed0"
"5min_based/figures/exploratory/Fig14E2_latent_behavioral_trajectory.pdf","44927","b62fa198476a8dafb38d22512e67ccfe75d37ee700ab84a5c7f16b4f8b7e70ec"
"5min_based/figures/exploratory/Fig14E2_latent_behavioral_trajectory.png","444726","4a9730996d6ea92da54c59c53a5a0d7c776324468dc6a826672a5f73f0305a66"
"5min_based/figures/exploratory/Fig14E2_latent_behavioral_trajectory.svg","35919","1869e3bdce6dc40b96a8a344ba3925b99ed8330f66df43070c1dc129f4eea30d"
"5min_based/figures/exploratory/Fig14F_attractor_depth.pdf","33028","3f2d23fce818a890b85adb8787244d37c3e528ea8ecdeab7e27d33cc5430a72d"
"5min_based/figures/exploratory/Fig14F_attractor_depth.png","79430","d5da8f7de92defe2dc021809f04e605ea8818fb4131f5adc9b73f96c3362a0da"
"5min_based/figures/exploratory/Fig14F_attractor_depth.svg","7481","ea42708d1978e763fef7fc6a7f78135f15c41de0de85a01daabc0c79ae1020b7"
"5min_based/figures/exploratory/Fig14G_dynamic_social_coupling.pdf","68770","f9b7a39a60a94bcb043f0fa942ac4002647d28086fa9ab84182e3d8b7c41eab9"
"5min_based/figures/exploratory/Fig14G_dynamic_social_coupling.png","214998","b659abc5951c53ee9b2cfa594c8e18dc58f7458dd203e8483217052715b1c52a"
"5min_based/figures/exploratory/Fig14G_dynamic_social_coupling.svg","109574","59ddbc385c026e81769c25429393588e9ef756912ab5d9fd2188727bd05f1269"
"5min_based/figures/exploratory/Fig14H_nextgen_phenotype_index.pdf","69797","f56d698e72357fb1438e52636b36c0cb8133f299c00fff38febe80ab0359235d"
"5min_based/figures/exploratory/Fig14H_nextgen_phenotype_index.png","225756","121696ea75ee9bc2e3af61155c7de784fe5b3cf4523230265ad8eff48f4ec477"
"5min_based/figures/exploratory/Fig14H_nextgen_phenotype_index.svg","109138","ab665347d1bdd61cf442b66d440aff4055ea3d188684795941f1bd8fe319f447"
"5min_based/figures/exploratory/first_active_phase_cage_change_1_first_12h_group_differences.pdf","312994","69e2a133305184bfde566a09f8d137974f69224bfe0f3cf88fa1db8c951fd995"
"5min_based/figures/exploratory/first_active_phase_cage_change_1_first_12h_group_differences.png","925942","9e72e0853352c8353dca1967db3914880722d7bd12f2a179189e31315a71b587"
"5min_based/figures/exploratory/first_active_phase_cage_change_1_first_12h_group_differences.svg","872756","8700f29905200a0c9a46892230bc306d39a8282f58bde730d65a336a07d2730f"
"5min_based/figures/exploratory/first_active_phase_cage_change_1_first_12h_hourly_trajectories.pdf","45951","e2e38e0907f8961055bfe8397ee3e1296f40c7e605fc31589513d38ea5423025"
"5min_based/figures/exploratory/first_active_phase_cage_change_1_first_12h_hourly_trajectories.png","543939","0ea354bb08d6d5fc679b0886a77f1211c113970cf68f2a1bd09591e021386d1d"
"5min_based/figures/exploratory/first_active_phase_cage_change_1_first_12h_hourly_trajectories.svg","42751","0bf97a0ada65b952cb427f5802b1822ce86d9de5cd95903b9a63fded2e73fdb2"
"5min_based/figures/exploratory/phase_specific_first_12h_group_trajectories_by_sex_and_cage_change.pdf","62919","95b5122a7ff7b2d423fee7d5008b34358c430828bbb479ad5df11274e06f2794"
"5min_based/figures/exploratory/phase_specific_first_12h_group_trajectories_by_sex_and_cage_change.png","1225886","c07d49fd98cd6d3a9b1bfd95ca18cb04e695aafa7f3e7fcaf9c47a086bf87630"
"5min_based/figures/exploratory/phase_specific_first_12h_group_trajectories_by_sex_and_cage_change.svg","164580","dcfabf390436e40449a433ef00ebda201b8936d241a1c892fb7ea9fb5cfd0958"
"5min_based/figures/exploratory/phase_specific_first_12h_longitudinal_effect_size_heatmap.pdf","58343","728e941715d5610e020e2a7310c60fdb44eb668490662d8f2617d09b358abc3a"
"5min_based/figures/exploratory/phase_specific_first_12h_longitudinal_effect_size_heatmap.png","1436284","30fe0a84f72e1ca6ffb96c977ae41f3bd74a29e934a930b193b27a409cae2da5"
"5min_based/figures/exploratory/phase_specific_first_12h_longitudinal_effect_size_heatmap.svg","254059","fcf512a6e2b944b2777ef54f22d4e50c0a96bb554026b7425da27f43ed9a7888"
"5min_based/figures/exploratory/README.txt","312","501360fa2c1d6335ee5aab2e64efdd0da6f12b396bbc742c2b211306e8604431"
"5min_based/figures/first_cage_change_active_12h/first_active_phase_cage_change_1_first_12h_group_differences.pdf","312994","69e2a133305184bfde566a09f8d137974f69224bfe0f3cf88fa1db8c951fd995"
"5min_based/figures/first_cage_change_active_12h/first_active_phase_cage_change_1_first_12h_group_differences.png","925942","9e72e0853352c8353dca1967db3914880722d7bd12f2a179189e31315a71b587"
"5min_based/figures/first_cage_change_active_12h/first_active_phase_cage_change_1_first_12h_group_differences.svg","872756","8700f29905200a0c9a46892230bc306d39a8282f58bde730d65a336a07d2730f"
"5min_based/figures/first_cage_change_active_12h/first_active_phase_cage_change_1_first_12h_hourly_trajectories.pdf","45951","e2e38e0907f8961055bfe8397ee3e1296f40c7e605fc31589513d38ea5423025"
"5min_based/figures/first_cage_change_active_12h/first_active_phase_cage_change_1_first_12h_hourly_trajectories.png","543939","0ea354bb08d6d5fc679b0886a77f1211c113970cf68f2a1bd09591e021386d1d"
"5min_based/figures/first_cage_change_active_12h/first_active_phase_cage_change_1_first_12h_hourly_trajectories.svg","42751","0bf97a0ada65b952cb427f5802b1822ce86d9de5cd95903b9a63fded2e73fdb2"
"5min_based/figures/interactive/README.txt","330","04a93a9db626de7962d449170c58971355320ac8caedf223705da54c56ce935b"
"5min_based/figures/phase_sex_cage_change_trajectories/phase_specific_first_12h_group_trajectories_by_sex_and_cage_change.pdf","62919","95b5122a7ff7b2d423fee7d5008b34358c430828bbb479ad5df11274e06f2794"
"5min_based/figures/phase_sex_cage_change_trajectories/phase_specific_first_12h_group_trajectories_by_sex_and_cage_change.png","1225886","c07d49fd98cd6d3a9b1bfd95ca18cb04e695aafa7f3e7fcaf9c47a086bf87630"
"5min_based/figures/phase_sex_cage_change_trajectories/phase_specific_first_12h_group_trajectories_by_sex_and_cage_change.svg","164580","dcfabf390436e40449a433ef00ebda201b8936d241a1c892fb7ea9fb5cfd0958"
"5min_based/figures/phase_sex_cage_change_trajectories/phase_specific_first_12h_longitudinal_effect_size_heatmap.pdf","58343","728e941715d5610e020e2a7310c60fdb44eb668490662d8f2617d09b358abc3a"
"5min_based/figures/phase_sex_cage_change_trajectories/phase_specific_first_12h_longitudinal_effect_size_heatmap.png","1436284","30fe0a84f72e1ca6ffb96c977ae41f3bd74a29e934a930b193b27a409cae2da5"
"5min_based/figures/phase_sex_cage_change_trajectories/phase_specific_first_12h_longitudinal_effect_size_heatmap.svg","254059","fcf512a6e2b944b2777ef54f22d4e50c0a96bb554026b7425da27f43ed9a7888"
"5min_based/figures/publication_panels/Fig14A_multiscale_complexity.pdf","43636","d40124f9f16924c2693cb578338adc825f2714aac25ace3eb5ae79e61d1cc92d"
"5min_based/figures/publication_panels/Fig14A_multiscale_complexity.png","1165687","f50c25b22c9b25a428acb409d0d92274c1c2dbe4a023112dff812b06a3ba4956"
"5min_based/figures/publication_panels/Fig14A_multiscale_complexity.svg","77434","90b01bb35bdcc163b803bed0083a19c1dfa9e1251619293ae5db5ff8d536d45d"
"5min_based/figures/publication_panels/Fig14B_early_warning_acf1.pdf","197583","ba3bc30b2a75a8d8cb13b33a3932dac205f8e67ba4df30feb44493e8a2e722ff"
"5min_based/figures/publication_panels/Fig14B_early_warning_acf1.png","2924671","6bbcf5c3736d9cd8a732447abcd64f8d9ac54e1f2e170e71ae636389ae87e23b"
"5min_based/figures/publication_panels/Fig14B_early_warning_acf1.svg","513494","1767c256f01677da2844b053108baa080d300d84e57e2e3bf93622cbb05a7d27"
"5min_based/figures/publication_panels/Fig14C_latent_state_flexibility.pdf","70478","8f58eca78c99dcd52617b132d33963a0bc570427c666119319213b07e5f504d4"
"5min_based/figures/publication_panels/Fig14C_latent_state_flexibility.png","214245","1345bfcf710c8ab644c0df90612cd396098c540a2f2346affd467790f2bfa0c7"
"5min_based/figures/publication_panels/Fig14C_latent_state_flexibility.svg","109395","c33e1ce9c8144e0f5f94ce2fe03eaf4362ed36bc057ceb29d39fc2d7c04bd872"
"5min_based/figures/publication_panels/Fig14D_latent_state_transition_heatmap.pdf","37787","a7161268912d2cb7e06c334f321daf3fa4cdd8fb12d6921e1b03ec489d686fa8"
"5min_based/figures/publication_panels/Fig14D_latent_state_transition_heatmap.png","157274","b72e90908927d2904f165e98831922792d23a585344bef078285d87cefd7f0a3"
"5min_based/figures/publication_panels/Fig14D_latent_state_transition_heatmap.svg","30663","e1aa6fed93bfddd9014fc4bb381c8ca104b40bc5e12cfceda33e51802f25b12a"
"5min_based/figures/publication_panels/Fig14E_behavioral_energy_landscape.pdf","44760","e5ca784fcfbdea47d4fbf1e9451506b98450786086837ee45c32d075cd598821"
"5min_based/figures/publication_panels/Fig14E_behavioral_energy_landscape.png","132075","9b92c2cffb9fbdb688f09fc2dbd82eaf99a0de9f6a14fde9210bedf4a207b520"
"5min_based/figures/publication_panels/Fig14E_behavioral_energy_landscape.svg","39578","11f13c5f7cdb972a4dd7fc14a32b4d064cb014a82d5d3fccc73ceddc7ad31ed0"
"5min_based/figures/publication_panels/Fig14E2_latent_behavioral_trajectory.pdf","44927","b62fa198476a8dafb38d22512e67ccfe75d37ee700ab84a5c7f16b4f8b7e70ec"
"5min_based/figures/publication_panels/Fig14E2_latent_behavioral_trajectory.png","444726","4a9730996d6ea92da54c59c53a5a0d7c776324468dc6a826672a5f73f0305a66"
"5min_based/figures/publication_panels/Fig14E2_latent_behavioral_trajectory.svg","35919","1869e3bdce6dc40b96a8a344ba3925b99ed8330f66df43070c1dc129f4eea30d"
"5min_based/figures/publication_panels/Fig14F_attractor_depth.pdf","33028","3f2d23fce818a890b85adb8787244d37c3e528ea8ecdeab7e27d33cc5430a72d"
"5min_based/figures/publication_panels/Fig14F_attractor_depth.png","79430","d5da8f7de92defe2dc021809f04e605ea8818fb4131f5adc9b73f96c3362a0da"
"5min_based/figures/publication_panels/Fig14F_attractor_depth.svg","7481","ea42708d1978e763fef7fc6a7f78135f15c41de0de85a01daabc0c79ae1020b7"
"5min_based/figures/publication_panels/Fig14G_dynamic_social_coupling.pdf","68770","f9b7a39a60a94bcb043f0fa942ac4002647d28086fa9ab84182e3d8b7c41eab9"
"5min_based/figures/publication_panels/Fig14G_dynamic_social_coupling.png","214998","b659abc5951c53ee9b2cfa594c8e18dc58f7458dd203e8483217052715b1c52a"
"5min_based/figures/publication_panels/Fig14G_dynamic_social_coupling.svg","109574","59ddbc385c026e81769c25429393588e9ef756912ab5d9fd2188727bd05f1269"
"5min_based/figures/publication_panels/Fig14H_nextgen_phenotype_index.pdf","69797","f56d698e72357fb1438e52636b36c0cb8133f299c00fff38febe80ab0359235d"
"5min_based/figures/publication_panels/Fig14H_nextgen_phenotype_index.png","225756","121696ea75ee9bc2e3af61155c7de784fe5b3cf4523230265ad8eff48f4ec477"
"5min_based/figures/publication_panels/Fig14H_nextgen_phenotype_index.svg","109138","ab665347d1bdd61cf442b66d440aff4055ea3d188684795941f1bd8fe319f447"
"5min_based/figures/publication_panels/README.txt","337","286c6049c438a35fa640b7aebc024153bbbbe1f1a4bbe837fd8b226708ff37cf"
"5min_based/figures/qc/README.txt","321","fcc7347cfbb2d92ffff45d2d214694895194bd3da990013d0d8e3d556a6ef029"
"5min_based/figures/supplementary/README.txt","332","72409480a7f9877bca1f93d2796bfdde2cf350a81c01a1dd3acfbcd060f10849"
"5min_based/manifest/input_output_manifest.csv","512","f5880367b6f8066bd4b05d755b92a87ff64176d7e826addd7c280d39a3768d9e"
"5min_based/manifest/output_manifest.csv","1434","45856055e082934f983aa27710ce406d16a87c3e95120c83db75f6ac1e1a5220"
"5min_based/statistical_results/first_active_phase_cage_change_1_first_12h_group_contrasts.csv","20936","f7fd80e2a80087f97f9f1daf7dc9693287d14dcd3f08390a28d0e496d4441c57"
"5min_based/statistical_results/first_active_phase_cage_change_1_first_12h_group_summary.csv","10256","5d20c2b8480ff5e0d358003ba705cec576c57b13aac548526404a22e6a99862f"
"5min_based/statistical_results/first_active_phase_cage_change_1_first_12h_significant_and_trend_contrasts.csv","4703","1c327836a0a35a4174f13993a072337332dcee47b52fbe9dec0b78c101701650"
"5min_based/statistical_results/nextgen_behavioral_phenotyping_analysis_manifest.csv","1415","c2d654ef80aba9414e9ce3afbd4cb1f0310a3116afd310436d4062053f3b375b"
"5min_based/statistical_results/phase_specific_first_12h_by_cage_change_group_contrasts.csv","158468","ccdac1417ea79870833c94b0e86b43c1f3b22b7cd60ed21b9748dbade33fe630"
"5min_based/statistical_results/phase_specific_first_12h_by_cage_change_group_summary.csv","75739","51ab38394d94596cb505bbe3e5701ff234bc4a9edb275a7a42d6c60c2d9410d6"
"5min_based/statistical_results/phase_specific_first_12h_by_cage_change_significant_and_trend_contrasts.csv","32555","2e519b8c72ccce57557db4f3f8b38161ae279f16306f2eea85db24c0a576afad"
"5min_based/statistical_results/phase_specific_first_12h_longitudinal_mixed_models.csv","30027","8736335a1ce2aed4e887a52bb3130b699b7854bc490ae618b982d8dd1a4480b1"
"5min_based/statistical_results/screening_visualization_guide.csv","1866","f79e8622147a90f845ccb5383ee4b8072b613dfb312c73ab27756c334bdf1348"
"5min_based/stats_tables/animal_social_coupling_group_contrasts.csv","11206","bfb4de1e53259183462898856ce53575ba16868941b2b4a829e6cbe296e189b1"
"5min_based/stats_tables/animal_social_coupling_group_summary.csv","4758","ce2b9c2e411180ea1256264e89323f2b1a0070f4721b1223f9fd1b13406d8641"
"5min_based/stats_tables/behavioral_energy_landscape_group_contrasts.csv","8895","cefd0d99c0ce70e3d6ea5baecbd4fee19ba590c595298cd63aabdc7ac09f3ca7"
"5min_based/stats_tables/behavioral_energy_landscape_group_summary.csv","3324","e661ad60edad4b8d3c204b767fa4c1fced991f9b985023a9176959e41527405f"
"5min_based/stats_tables/early_warning_summary_group_contrasts.csv","39714","e0e9bd0461f38105f6aa7bd1c2777ca804c11951fb8098865aaf2829c58280d7"
"5min_based/stats_tables/early_warning_summary_group_summary.csv","16831","022955750d4bdaa480d64b1290ab3e6cd9364c2ccc035c5ffc6ad83c7cdc06d6"
"5min_based/stats_tables/hmm_style_state_occupancy_group_contrasts.csv","9076","accf8a643891eb28d6781e69818066d70d243ae5e3c46fe366c6d5c58f5e18b5"
"5min_based/stats_tables/hmm_style_state_occupancy_group_summary.csv","3728","36a78e4c14b788b1ff588d975b25f553136df9f387d23e4be818d9de61aefe5b"
"5min_based/stats_tables/hmm_style_state_switching_group_contrasts.csv","4617","38cd8764f739ed6cea3608a0e04f5bb1b01c6e5b8901ba13be1ebed86d09df9f"
"5min_based/stats_tables/hmm_style_state_switching_group_summary.csv","1818","e71228f47a06929ecbdabafcdf313bc933c342d70acc1bc134b2305bf6eaf7c0"
"5min_based/stats_tables/multiscale_complexity_features_group_contrasts.csv","26623","8fb549379e47b2f81f1c6c04e7d773232609272e6e43f6da4e00b8d41d1340ba"
"5min_based/stats_tables/multiscale_complexity_features_group_summary.csv","11067","259056e971953ebed5eeeb85c010e488de819d3f4499811245023ada4eea1569"
"5min_based/stats_tables/nextgen_all_group_contrasts.csv","324544","94c0d0ead4c49e958ce56162cc9a69c1280051ee50858b36d768e137c4115ade"
"5min_based/stats_tables/nextgen_feature_endpoint_correlations.csv","33","7bfad1ae3ec3630b6a3255cc83b12e161deae8591af5b37e06060ae1cad16993"
"5min_based/stats_tables/nextgen_phenotype_index_group_contrasts.csv","15501","47eaa3f5233d58beb461c4407d962b256c1bb338a69b7e7b492de4c38c879fd1"
"5min_based/stats_tables/nextgen_phenotype_index_group_summary.csv","6245","38a309fc81613dd39081f392d66bc019aad0788ff04c4545c77677ccd89c4df4"
"5min_based/stats_tables/nextgen_significant_and_trend_group_contrasts.csv","57759","bbd4afc53572ca0b5a7e2cd32f1e6a3c45dc41b31130c3b0d372b0d7a5c0f360"
"5min_based/tables/animal_social_coupling_summary.csv","12693","aaf635813f9e395f72161895dd459eae170c6639e35ef9c224be984bcc55847d"
"5min_based/tables/behavioral_energy_landscape_grid.csv","1151927","fe8034ba9c055db6898d56bf3ef4a53a63aeb0b2f52aad69fe3f1e213eb398b9"
"5min_based/tables/behavioral_energy_landscape_summary_by_animal.csv","8651","e457bade7a50dbae9992869148a34baf69a5c4b20a0cf4a6d7834ff391864ffc"
"5min_based/tables/behavioral_energy_landscape_summary.csv","566","7d44671ecc12de5e4a062b8144ccc57bf0848378beb71bfaa63c617488a1589f"
"5min_based/tables/behavioral_landscape_latent_points.csv","23109208","d16affbfb0961e4bfd35acc666880c5837961ad306fe538f1885d5db26bd6523"
"5min_based/tables/behavioral_latent_trajectory_by_group.csv","8464","19cb6aedf1b0c719a3200d7d4f192b7a8193d821405d74476d6db65a849902a3"
"5min_based/tables/early_warning_summary_by_animal.csv","41575","1855ae3c8b0b8a400d40bdafce58f9c931de0832f34b093d5fd138229e70b854"
"5min_based/tables/hmm_style_latent_states_by_bin.csv","18093480","ba42d52303c99e6d88f8371e556dcf506c25f241b92e09105de4749a77c7f23e"
"5min_based/tables/hmm_style_state_labels.csv","445","4045b95d6c45944096edc7666c144bf1432c6710a4d3ab24e04080b19603f201"
"5min_based/tables/hmm_style_state_occupancy_by_animal.csv","20233","ddae14493a0ad238e8f717e8ee156b9f9c67e043ee9c556308cd12bb379424f6"
"5min_based/tables/hmm_style_state_switching_by_animal.csv","6006","358523d308fe5c620d610d00e2697d10b17bccd1901e9181f49be3e3a4002d2a"
"5min_based/tables/hmm_style_transition_probabilities.csv","4721","c04b3b371238530f1c003fa615e2c64acf1315f30b107d9fa71eddba6ae9a54a"
"5min_based/tables/multiscale_complexity_features.csv","27247","e524ab0d142db4bd67babe3081e9c6783fc23127ee550dc18f364d5667277350"
"5min_based/tables/multiscale_entropy_by_animal.csv","172604","65fec621665d8589025a13787436a001f6abad1507940c7445bfe58dd00d7732"
"5min_based/tables/nextgen_behavioral_phenotype_matrix.csv","95985","a84aef63717c630a22c145ee46f474e81da29b67e3ef54041a67ab8d44adeaa0"
"5min_based/tables/nextgen_interpretation_constraints.csv","1573","8e3a377d17ed9fc358a8852e5e4d976b48d405ca6b3a8ac35e3b1ef597f8e26c"
"5min_based/tables/nextgen_robustness_summary.csv","86458","0f6f9c283cd2a8be9d53bfc7f6521bf08303ddff004b0747b8ab853268a20eae"
"5min_based/tables/output_figure_inventory.csv","17229","6965822964d52253e105a955bdd912856a674e0bda8eac13b7a019a9f079e783"
"5min_based/tables/output_folder_summary.csv","365","0893972ce5795926656a9e820258d47460ed9198c356a8a6fa18cdae799145dd"
"5min_based/tables/pairwise_dynamic_coupling.csv","167697","016ca8e9ea6508251ab4f40903f310738d87ac289afe0dd10d441d34598bdbd3"
"5min_based/tables/rolling_early_warning_features.csv","2310207","f886cb875da454fd6adeb41c094cf266916f7aa111f6c35a871c9a0a5bf11f71"
