"section_id","section_title","status","started_at","completed_at","outputs_created","finding_ids","next_action"
"B01","locate authoritative pipeline","COMPLETE","2026-09-15T15:57:53","2026-09-15T15:57:53","","",""
"B02","experimental timeline","COMPLETE","2026-09-15T15:57:53","2026-09-15T15:57:53","","",""
"B03","CombZ reconstruction","COMPLETE","2026-09-15T15:57:53","2026-09-15T15:57:53","","",""
"B04","RES/SUS classification","COMPLETE","2026-09-15T15:57:53","2026-09-15T15:57:53","","",""
"B05","circularity audit","COMPLETE","2026-09-15T15:57:53","2026-09-15T15:57:53","","",""
"B06","early predictor definition","COMPLETE","2026-09-15T15:57:53","2026-09-15T15:57:53","","",""
"B07","GAMM reconstruction","DEFERRED","2026-09-15T15:57:53","2026-09-15T15:57:53","","","not required for the licensed Figure 1 story; Stage 09 carries no GAMM and the HMM analyses are NOT_PROMOTED or EXCLUDED in the registry"
"B08","association analysis","COMPLETE","2026-09-15T15:57:53","2026-09-15T15:57:53","","",""
"B09","prediction pipeline","COMPLETE","2026-09-15T15:57:53","2026-09-15T15:57:53","","",""
"B10","leakage audit","COMPLETE","2026-09-15T15:57:53","2026-09-15T15:57:53","","",""
"B11","LOAO contract","COMPLETE","2026-09-15T15:57:53","2026-09-15T15:57:53","","",""
"B12","model ladder","COMPLETE","2026-09-15T15:57:53","2026-09-15T15:57:53","","",""
"B13","sex analysis","COMPLETE","2026-09-15T15:57:53","2026-09-15T15:57:53","","",""
"B14","HMM role","DEFERRED","2026-09-15T15:57:53","2026-09-15T15:57:53","","","not required for the licensed Figure 1 story; Stage 09 carries no GAMM and the HMM analyses are NOT_PROMOTED or EXCLUDED in the registry"
"B15","cage/batch structure","COMPLETE","2026-09-15T15:57:53","2026-09-15T15:57:53","","",""
"B16","sample flow","COMPLETE","2026-09-15T15:57:53","2026-09-15T15:57:53","","",""
"B17","Figure 1 panels","COMPLETE","2026-09-15T15:57:53","2026-09-15T15:57:53","","",""
"B18","claim contract","COMPLETE","2026-09-15T15:57:53","2026-09-15T15:57:53","","",""
"B19","predicts adjudication","COMPLETE","2026-09-15T15:57:53","2026-09-15T15:57:53","","",""
"B20","Figure 1 story","COMPLETE","2026-09-15T15:57:53","2026-09-15T15:57:53","","",""
"B21","Results draft","COMPLETE","2026-09-15T15:57:53","2026-09-15T15:57:53","","",""
"B22","Methods draft","COMPLETE","2026-09-15T15:57:53","2026-09-15T15:57:53","","",""
"B23","export bundle","COMPLETE","2026-09-15T15:57:53","2026-09-15T15:57:53","","",""
"B24","red team","COMPLETE","2026-09-15T15:57:53","2026-09-15T15:57:53","","",""
