"element","value"
"source","RFID home-cage movement, Stage 01 multiscale metrics"
"window","first Active phase block after the first cage change"
"clock","18:30 inclusive to 06:30 exclusive"
"duration","12 h (72 slots)"
"resolution","10-min bins (primary); 5-min sensitivity"
"cage change","CC1 only"
"age","P25"
"phase","Active only; Inactive bins never included"
"features","Movement_mean, Movement_rmssd, Entropy_acf1"
"derivation","RAW window summaries, NOT GAMM-derived"
"transformation","none for the primary associations; models are fitted on the features as-is"
"n animals","111"
"coverage","7879 of 7992 expected rows"
"screening","fixed a priori: three features declared in advance, no feature screening inside the models"
