"question","verdict","evidence"
"1. Is CombZ reconstructable?","PARTIALLY - downstream YES, upstream NO","components -> CombZ -> labels reproduces to 2.22e-16 with 0 of 93 label mismatches; raw -> component z-scores cannot be re-derived under one uniform rule (BH-003)"
"2. Is RES/SUS reconstructable?","YES, exactly","SUS = SIS and CombZ < within-sex CON mean minus within-sex CON population SD; thresholds -0.436641698 male, -0.222390844 female; 0 mismatches"
"3. Are displayed later group differences partly by construction?","YES - entirely, for all six components","all six CombZ components feed the composite that the classification thresholds; circularity audit marks all six EXPECTED_BY_CONSTRUCTION"
"4. Did the early predictor occur before the outcome?","YES","early window is the first 12 h Active block after CC1 at P25; every CombZ component is measured after the RFID period"
"5. Is biological n correct?","YES","111 animals with a resolvable window and an endpoint; 58 female / 53 male; CON 24 / RES 49 / SUS 38; verified in early_window_design_by_animal.csv"
"6. Is cage/batch dependence respected?","NO - not modelled, not assessable","BH-002: no cage column in the Stage 09 design; Analysis/09 sets cage_col <- NULL. Disclosed as a limitation, not a leakage defect"
"7. Is predicts truly out-of-sample?","YES","leave-one-animal-out: 110 train / 1 test, full refit per held-out animal; repeated grouped 5-fold companion grouped on AnimalNum"
"8. Is there leakage?","NO","fixed a priori model registry (no selection), no scaling or centring anywhere, outcome-derived Group excluded from every canonical model, permutation refits fully"
"9. Is sex-specific wording licensed?","NO","BH-001: formal interactions all q = 0.895; stratified rho -0.41 female vs -0.42 male for the headline feature"
"10. Are GAMM-derived summaries described as model-derived?","NOT APPLICABLE","the canonical Stage 09 primary features are raw window summaries; no GAMM enters the primary analysis"
"11. Are AUC values prediction AUCs rather than trajectory AUCs?","NOT APPLICABLE - and this matters","the canonical endpoint is continuous CombZ with cross-validated R2, not a classification AUC. The AUC in the proteomics-side inputs is a GAMM trajectory AUC, a different quantity entirely"
"12. Is every reported statistic reproducible from canonical code?","YES for every number used","all association, prediction, permutation and interaction values were read directly from the Stage 09 artefacts and hashed into the export manifest"
