"measure","contributes_to_combz","contributes_to_res_sus","classification","note"
"NOR discrimination index","YES","YES (via CombZ)","EXPECTED_BY_CONSTRUCTION","a RES-vs-SUS difference in this measure is guaranteed in direction by the classification rule"
"sucrose preference","YES","YES (via CombZ)","EXPECTED_BY_CONSTRUCTION","as above"
"body-weight change","YES","YES (via CombZ)","EXPECTED_BY_CONSTRUCTION","as above"
"corticosterone rise","YES","YES (via CombZ)","EXPECTED_BY_CONSTRUCTION","as above"
"adrenal weight ratio","YES","YES (via CombZ)","EXPECTED_BY_CONSTRUCTION","as above"
"spleen weight ratio","YES","YES (via CombZ)","EXPECTED_BY_CONSTRUCTION","as above"
"CombZ itself","IS the composite","YES","EXPECTED_BY_CONSTRUCTION","displaying CombZ by RES/SUS group is a description of the classification, not a finding"
"early Movement_mean (RFID)","NO","NO","INDEPENDENT_SUPPORT","measured 12 h from P25, before any outcome component existed; Group never enters the canonical primary models"
"early Movement_rmssd (RFID)","NO","NO","INDEPENDENT_SUPPORT","as above"
"early Entropy_acf1 (RFID)","NO","NO","INDEPENDENT_SUPPORT","as above"
"Sex","NO (but is the z-score reference stratum)","NO (but is the threshold stratum)","PARTIALLY_DEPENDENT","sex does not enter CombZ as a component, but both the z-score reference population and the susceptibility threshold are computed within sex"
