"surface","kind","archive_behavior_before_fix","status","evidence","remaining"
"Analysis/14_systems_neuroscience_summary_dashboard.R pre-fix effect table","reader","After the 12 move the frozen pre-HMM-identity-fix table was not found and the before/after table silently lost its three old rows.","fixed a36fc80","Reads mmm_behavior_retained_source_root('systems_dashboard_5min'); warns if absent. Resolver fixture archives a synthetic 12 root and finds the file.",""
"Analysis/14 main and first-night output roots","writer","An unactivated dashboard group would resolve its writer root inside the retained archive, unguarded.","fixed a36fc80","Both roots pass mmm_behavior_guard_numbered_output_path(); guard-presence contract and archived-12 fixture.","Safe today only because the groups are activated; the guard now refuses the archive path."
"Analysis/02_build_dyadic_rfid_contacts.R","writer","An explicit mmm.dyadic_contacts_dir override into the Exp9 06 path was unguarded and could recreate the numbered root.","fixed a36fc80","Resolved output_dir passes the guard; cookiehab tree is a different analysis_ready and stays writable.",""
"Analysis/15_behavior_proteomics_integration.R and mmm_behavior_proteomics_base_dir()","reader_writer","Unactivated branch returned a hard-coded 06 path and wrote there without a guard.","fixed a36fc80","Base dir resolves the retained 06 root; Stage 15 guards it; resolver fixture refuses the archived base.",""
"Analysis/19_spatial_occupancy_maps.R","writer","Unactivated spatial groups would resolve inside the 03 archive, unguarded.","fixed a36fc80","All four output roots pass the guard.",""
"Testing/audits/audit_stage10_spatial_feature_boundary.R","reader","Recorded absolute 06 source paths would be missing after the 06 move; the audit would fail with a misleading message.","fixed a36fc80","Checks each recorded 06 source at its retained location; test_stage10_spatial_boundary_archive.R runs it before and after a synthetic archive. Live read-only run passed 2026-09-25.","Not in the 37-script queue; reviewed here."
"Six non-queued audits writing to activated semantic roots (audit_inactive_phase_qc_redesign, audit_rfid_alternative_inference, audit_rfid_conservatism, audit_rfid_domain_construct_blind, audit_rfid_leading_bin_seed_sensitivity, audit_rfid_reliability_and_improvement)","writer","With a missing group receipt their output would land in the retained archive, unguarded.","fixed 8ff7060","OUT passes the guard.","A rerun still overwrites the hash-pinned activated copies; this predates the archive and is not changed here."
"Functions/behavioral_dynamics_helpers.R ensure_dir()","writer","Extracted code blocks and shared writers had no numbered-root check (the 2026-09-24 Stage 01 QC file appeared in 03 this way).","fixed 8ff7060","ensure_dir() applies the guard when project_paths.R is loaded; write_table() and figure saving go through it.","No effect before a receipt exists."
"Maintenance/Test-BehaviorFoundationResidualInventory.ps1","scanner","Failed on the live tree (53 vs 52 files) and would fail after the move (fixed paths).","fixed a3f0513","Archive-aware root; the post-activation QC file is recorded in derived_metrics_post_activation_additions.csv. Live read-only run PASS 2026-09-25.",""
"Maintenance/Test-BehaviorStage14ResidualInventory.ps1","scanner","Would stop after the 12 move (fixed paths).","fixed a3f0513","Archive-aware root and source paths. Live read-only run PASS 2026-09-25.",""
"Maintenance/Invoke-BehaviorOutputMigration.ps1","scanner","After a move it failed with a generic 'Cannot find path'.","fixed a3f0513","Refuses any source root with an archive receipt or archive directory, with an explicit message.","It cannot migrate retained-only files from an archived root; migrate any needed copy before that root's move."
"Maintenance/Test-BehaviorHistoricalOutputMap.ps1","scanner","Pre-activation checker; destinations of the nine history groups already exist.","note","Fails loudly; not a post-archive check.","Do not list it among post-archive checks."
"Functions/project_paths.R mmm_behavior_historical_resolution_root() unmapped keys and mmm_hmm_resolution_root() non-5/10-min bins","reader_writer","Hard-coded 06 paths; no such folders exist live, so reads are empty before and after; writers are refused by the guard after Prepare.","note","06 manifest has no unmapped resolution folders.","A future unmapped folder would be read pre-archive and missed post-archive."
"Functions/project_paths.R mmm_behavior_route_historical_feature_sources()","reader","Prefix-matches the non-archive 'current' path; after the move it is a no-op because Stage 10 already scans semantic roots.","note","Stage 10 archived parity fixture passes.","If a history_* receipt were rolled back after the 06 move, Stage 10 would read archived originals without routing."
"Analysis/_pipeline_setup.R Stage 09 legacy candidate","reader","Eagerly resolves the retained 06 root on every lookup; canonical pipeline/09 file wins.","note","Fails closed only while 06 is transferring.","Freeze Stage 14/15/27 and manuscript builds during Activate."
"Analysis/16_manuscript_behavior_report.R output_index legacy_path strings","navigation_doc","Provenance strings name numbered paths that no longer exist after a move.","open","Kept as provenance (design item 5).","Add the archived location next to the provenance string when each root moves."
"docs/BEHAVIOR_*_DIRECTORY_README.md and live analysis_ready READMEs","navigation_doc","State that originals remain under the numbered roots.","open","Text only.","Update in the same change as each root's Activate."
"Analysis/run_cookiehab_preprocessing_and_metrics.R options","reader_writer","Sets mmm.derived_metrics_dir and mmm.dyadic_contacts_dir without restoring them; later Exp9 stages in the same R session read cookiehab data.","open","Not archive-specific.","Restore options on exit."
"Analysis/build_publication_release.R and Stage 27 forbidden segments","reader","Would bundle archived originals as current evidence if a group receipt were rolled back.","open","Live receipts select semantic copies.","Add /history/original_layout/ to both forbidden-segment lists."
"Testing/legacy/run_behavioral_dynamics_pipeline.R, run_full_systems_behavior_pipeline.R","writer","Guard checks S: once; the only write is CWD-relative in the repository.","note","Children do not exist; runners are blocked once any receipt exists.","Retire them."
"Testing/audits/repair_existing_metrics_identity_utility.R","writer","Rewrites a caller-supplied path in place without a guard; no callers.","open","git grep finds no caller.","Guard before any future use."
