"script","names_03_derived_metrics","names_06_behavioral_dynamics","names_12_systems_neuroscience_summary","common_write_call","directory_creation_call","review_state"
"Testing/audits/audit_first_night_candidate_set_algebra_crosscheck.R","True","False","False","False","False","path_prepared_unvalidated"
"Testing/audits/audit_first_night_candidate_set_decision.R","False","False","True","True","False","path_prepared_unvalidated"
"Testing/audits/audit_first_night_candidate_set_effects.R","True","False","True","True","False","path_prepared_unvalidated"
"Testing/audits/audit_first_night_candidate_set_scores.R","True","True","True","True","True","path_prepared_unvalidated"
"Testing/audits/audit_first_night_domain_scores_v2.R","True","True","True","True","True","path_prepared_unvalidated"
"Testing/audits/audit_first_night_domain_scores.R","True","True","True","True","True","path_prepared_unvalidated"
"Testing/audits/audit_first_night_dwell_partition_stability.R","True","False","True","True","False","path_prepared_unvalidated"
"Testing/audits/audit_first_night_dwell_shipped_vs_refit.R","True","True","True","True","False","path_prepared_unvalidated"
"Testing/audits/audit_first_night_heatmap_v2.R","True","False","True","True","True","path_prepared_unvalidated"
"Testing/audits/audit_first_night_hmm_components.R","True","True","True","True","True","path_prepared_unvalidated"
"Testing/audits/audit_first_night_production_parity.R","True","False","True","False","False","path_prepared_unvalidated"
"Testing/audits/audit_first_night_time_anchor.R","True","False","True","True","True","path_prepared_unvalidated"
"Testing/audits/audit_first_night_window_provenance.R","False","True","True","False","False","path_prepared_unvalidated"
"Testing/audits/audit_first_night_window_sensitivity.R","True","True","True","True","True","path_prepared_unvalidated"
"Testing/audits/audit_hmm_state_architecture_component_models.R","True","False","True","True","True","needs_reader_writer_review"
"Testing/audits/audit_hmm_state_architecture_components.R","True","False","True","True","True","needs_reader_writer_review"
"Testing/audits/audit_hmm_state_architecture_construct_comparison.R","True","False","True","True","True","needs_reader_writer_review"
"Testing/audits/audit_hmm_state_architecture_gap_aware.R","True","True","True","True","False","needs_reader_writer_review"
"Testing/audits/audit_hmm_state_architecture_identifiability.R","True","False","True","True","False","needs_reader_writer_review"
"Testing/audits/audit_hmm_state_architecture_locomotion_dominance.R","False","False","True","True","False","needs_reader_writer_review"
"Testing/audits/audit_hmm_state_architecture_longitudinal.R","True","False","True","True","True","needs_reader_writer_review"
"Testing/audits/audit_hmm_state_architecture_partition_robustness.R","True","False","True","True","False","needs_reader_writer_review"
"Testing/audits/audit_hmm_state_architecture_phaseA_formula_units_qc.R","False","True","True","True","False","needs_reader_writer_review"
"Testing/audits/audit_hmm_state_architecture_phaseA_gapaware_contrasts.R","False","False","True","True","False","needs_reader_writer_review"
"Testing/audits/audit_hmm_state_architecture_phaseA_partition_and_gap.R","True","False","True","True","False","needs_reader_writer_review"
"Testing/audits/audit_hmm_state_architecture_profile.R","True","False","True","True","True","needs_reader_writer_review"
"Testing/audits/audit_hmm_state_architecture_provenance_addendum.R","True","True","True","True","True","needs_reader_writer_review"
"Testing/audits/audit_hmm_state_architecture_provenance.R","True","True","True","True","True","needs_reader_writer_review"
"Testing/audits/audit_hmm_state_architecture_qc_sensitivity.R","False","False","True","True","False","needs_reader_writer_review"
"Testing/audits/audit_hmm_state_architecture_redundancy.R","True","False","True","True","True","needs_reader_writer_review"
"Testing/audits/audit_hmm_state_architecture_semantic_erasure.R","True","True","True","True","False","needs_reader_writer_review"
"Testing/audits/audit_hmm_state_architecture_temporal_components.R","True","True","True","True","False","needs_reader_writer_review"
"Testing/audits/audit_phase_bug_impact.R","True","False","True","True","True","needs_reader_writer_review"
"Testing/audits/audit_rfid_legacy_vs_new_domains.R","False","False","True","True","True","needs_reader_writer_review"
"Testing/audits/audit_stage09_stale_artifacts.R","True","True","True","True","False","path_prepared_unvalidated"
"Testing/audits/audit_stage10_semantic_discovery_parity.R","False","True","False","False","False","path_prepared_unvalidated"
"Testing/audits/compare_identity_correction_before_after.R","False","True","False","True","True","needs_reader_writer_review"
