"script","review_state","script_sha256","queue_state","archive_root","queue_sha256","shared_code_sha256","path_review_evidence","writer_review_evidence","proposed_review_state","review_notes","open_test_gaps"
"Testing/audits/audit_first_night_candidate_set_algebra_crosscheck.R","needs_reader_writer_review","8377fe1bbf815b2458903cca34ae1d2b4fd7cd61038f0fd9319745b7cc7c08f9","live_read_only_checked","03_derived_metrics","dc99085ef0aaa9bd72ba28bf6f848901ed2988f86d2c939430573f55addbad23","21be1e3e17342f635fb2dc3010be970905189c2e7a785d8e72f6c31c7218ba37","03 move: 3 retained 03 read(s) through mmm_behavior_numbered_source_root('03_derived_metrics') (lines 9 (via Functions/project_paths.R:233-290) | 14 (inside build_canonical_identity_roster L13-16) | 18). With an activated 03 receipt this resolves history/original_layout/03_derived_metrics (longest archived 03 path 198 characters) and it stops while the receipt is transferring. Independent review and adversarial verification 2026-09-25: path_ok_test_gap.","Console output only: the I/O contract test finds no file write, directory creation or deletion.","archive_path_ready","","6"
"Testing/audits/audit_first_night_candidate_set_decision.R","needs_reader_writer_review","dc469f7d79e6b35a8670252584ad401a3809bf7f83dec4f9efe40f52b368c530","path_prepared_unvalidated","03_derived_metrics","dc99085ef0aaa9bd72ba28bf6f848901ed2988f86d2c939430573f55addbad23","21be1e3e17342f635fb2dc3010be970905189c2e7a785d8e72f6c31c7218ba37","03 move: reads no 03 path (verified input inventory); its routing does not change when 03 moves. Independent review and adversarial verification 2026-09-25: path_ok_test_gap.","All writes, directory creation and deletion are under its fresh replay output root 'first_night_candidate_set_decision' (test_historical_audit_replay_io_contract.R rule 1; verified review). Nothing is written under 03 or history/original_layout; run ids 'figures' and 'pipeline' are reserved.","archive_path_ready","","9"
"Testing/audits/audit_first_night_candidate_set_effects.R","needs_reader_writer_review","13a4f960471f9ddd49aba345f5606c4996c20f6ea10f5c7d2b5490e305e057e0","path_prepared_unvalidated","03_derived_metrics","dc99085ef0aaa9bd72ba28bf6f848901ed2988f86d2c939430573f55addbad23","21be1e3e17342f635fb2dc3010be970905189c2e7a785d8e72f6c31c7218ba37","03 move: 2 retained 03 read(s) through mmm_behavior_numbered_source_root('03_derived_metrics') (lines 61 (via Functions/project_paths.R:233-290) | 122 (inside build_canonical_identity_roster L121-125)). With an activated 03 receipt this resolves history/original_layout/03_derived_metrics (longest archived 03 path 198 characters) and it stops while the receipt is transferring. Independent review and adversarial verification 2026-09-25: path_ok_test_gap.","All writes, directory creation and deletion are under its fresh replay output root 'first_night_candidate_set_effects' (test_historical_audit_replay_io_contract.R rule 1; verified review). Nothing is written under 03 or history/original_layout; run ids 'figures' and 'pipeline' are reserved.","archive_path_ready","","8"
"Testing/audits/audit_first_night_candidate_set_scores.R","needs_reader_writer_review","967b5c0b3c5d7b590dc5168b098cbfa3b16f494dac57d0e34b837dd319dd4cab","path_prepared_unvalidated","03_derived_metrics","dc99085ef0aaa9bd72ba28bf6f848901ed2988f86d2c939430573f55addbad23","21be1e3e17342f635fb2dc3010be970905189c2e7a785d8e72f6c31c7218ba37","03 move: 3 retained 03 read(s) through mmm_behavior_numbered_source_root('03_derived_metrics') (lines 57-59, 62-63, 64 (via Functions/project_paths.R:233-290) | 155 (path at L153) | 187 (loop L183 over RESOLUTIONS L70)). With an activated 03 receipt this resolves history/original_layout/03_derived_metrics (longest archived 03 path 198 characters) and it stops while the receipt is transferring. Independent review and adversarial verification 2026-09-25: path_ok_test_gap.","All writes, directory creation and deletion are under its fresh replay output root 'first_night_candidate_set_scores' (test_historical_audit_replay_io_contract.R rule 1; verified review). Nothing is written under 03 or history/original_layout; run ids 'figures' and 'pipeline' are reserved.","archive_path_ready","Reads the retained 12 time-anchor table rather than the same-run replay of audit_first_night_time_anchor.R (documented; not a path failure).","11"
"Testing/audits/audit_first_night_domain_scores_v2.R","needs_reader_writer_review","56c0b24d03a528888efb001e5776f21bc3b6638bb829f0355ddfa8649b1f501d","path_prepared_unvalidated","03_derived_metrics","dc99085ef0aaa9bd72ba28bf6f848901ed2988f86d2c939430573f55addbad23","21be1e3e17342f635fb2dc3010be970905189c2e7a785d8e72f6c31c7218ba37","03 move: 4 retained 03 read(s) through mmm_behavior_numbered_source_root('03_derived_metrics') (lines 51-52, 55-56, 57 (resolver internals: project_paths.R:237-288) | 156-158 | 309 (loop L305) | 1089 (inside map_dfr L1087)). With an activated 03 receipt this resolves history/original_layout/03_derived_metrics (longest archived 03 path 198 characters) and it stops while the receipt is transferring. Independent review and adversarial verification 2026-09-25: path_ok_test_gap.","All writes, directory creation and deletion are under its fresh replay output root 'first_night_domain_scores_v2' (test_historical_audit_replay_io_contract.R rule 1; verified review). Nothing is written under 03 or history/original_layout; run ids 'figures' and 'pipeline' are reserved.","archive_path_ready","","12"
"Testing/audits/audit_first_night_domain_scores.R","needs_reader_writer_review","89bb6b85a6e9a800aa5697c8ce28df3c3601b26680f2663c3c23e222bdc5e2e5","path_prepared_unvalidated","03_derived_metrics","dc99085ef0aaa9bd72ba28bf6f848901ed2988f86d2c939430573f55addbad23","21be1e3e17342f635fb2dc3010be970905189c2e7a785d8e72f6c31c7218ba37","03 move: 1 retained 03 read(s) through mmm_behavior_numbered_source_root('03_derived_metrics') (lines 38-39, 120-121). With an activated 03 receipt this resolves history/original_layout/03_derived_metrics (longest archived 03 path 198 characters) and it stops while the receipt is transferring. Independent review and adversarial verification 2026-09-25: path_ok_test_gap.","All writes, directory creation and deletion are under its fresh replay output root 'first_night_domain_scores_v1' (test_historical_audit_replay_io_contract.R rule 1; verified review). Nothing is written under 03 or history/original_layout; run ids 'figures' and 'pipeline' are reserved.","archive_path_ready","","10"
"Testing/audits/audit_first_night_dwell_partition_stability.R","needs_reader_writer_review","2e1d3b9292b5539b5cde81dc595e172566987579ea371fb244acae561d31dbc4","path_prepared_unvalidated","03_derived_metrics","dc99085ef0aaa9bd72ba28bf6f848901ed2988f86d2c939430573f55addbad23","21be1e3e17342f635fb2dc3010be970905189c2e7a785d8e72f6c31c7218ba37","03 move: 3 retained 03 read(s) through mmm_behavior_numbered_source_root('03_derived_metrics') (lines 13 -> project_paths.R:295-309, 217-291 | 46-48 | 49-50). With an activated 03 receipt this resolves history/original_layout/03_derived_metrics (longest archived 03 path 198 characters) and it stops while the receipt is transferring. Independent review and adversarial verification 2026-09-25: path_ok_test_gap.","All writes, directory creation and deletion are under its fresh replay output root 'first_night_dwell_partition_stability' (test_historical_audit_replay_io_contract.R rule 1; verified review). Nothing is written under 03 or history/original_layout; run ids 'figures' and 'pipeline' are reserved.","archive_path_ready","","8"
"Testing/audits/audit_first_night_dwell_shipped_vs_refit.R","needs_reader_writer_review","048ebbb46e430e213e0d8130158b6b008e263f93da48cd0aca29e49dc98780bd","path_prepared_unvalidated","03_derived_metrics","dc99085ef0aaa9bd72ba28bf6f848901ed2988f86d2c939430573f55addbad23","21be1e3e17342f635fb2dc3010be970905189c2e7a785d8e72f6c31c7218ba37","03 move: 3 retained 03 read(s) through mmm_behavior_numbered_source_root('03_derived_metrics') (lines 10-12 -> project_paths.R:217-309 | 18-21 (read_csv at 19) | 24-26). With an activated 03 receipt this resolves history/original_layout/03_derived_metrics (longest archived 03 path 198 characters) and it stops while the receipt is transferring. Independent review and adversarial verification 2026-09-25: path_ok_test_gap.","All writes, directory creation and deletion are under its fresh replay output root 'first_night_dwell_shipped_vs_refit' (test_historical_audit_replay_io_contract.R rule 1; verified review). Nothing is written under 03 or history/original_layout; run ids 'figures' and 'pipeline' are reserved.","archive_path_ready","","6"
"Testing/audits/audit_first_night_heatmap_v2.R","needs_reader_writer_review","85a5649e34a3cccdf7f55ca739c8a22987aaa233bd73ca4d0931e436ce0d211e","path_prepared_unvalidated","03_derived_metrics","dc99085ef0aaa9bd72ba28bf6f848901ed2988f86d2c939430573f55addbad23","21be1e3e17342f635fb2dc3010be970905189c2e7a785d8e72f6c31c7218ba37","03 move: 2 retained 03 read(s) through mmm_behavior_numbered_source_root('03_derived_metrics') (lines 60-61, 64 (project_paths.R:237-288) | 118-122). With an activated 03 receipt this resolves history/original_layout/03_derived_metrics (longest archived 03 path 198 characters) and it stops while the receipt is transferring. Independent review and adversarial verification 2026-09-25: path_ok_test_gap.","All writes, directory creation and deletion are under its fresh replay output root 'first_night_heatmap_v2' (test_historical_audit_replay_io_contract.R rule 1; verified review). Nothing is written under 03 or history/original_layout; run ids 'figures' and 'pipeline' are reserved.","archive_path_ready","","12"
"Testing/audits/audit_first_night_hmm_components.R","needs_reader_writer_review","ee87c249f35ccb801d272767957267ae649ccde996d7959c7e54d3a7575b9ae9","path_prepared_unvalidated","03_derived_metrics","dc99085ef0aaa9bd72ba28bf6f848901ed2988f86d2c939430573f55addbad23","21be1e3e17342f635fb2dc3010be970905189c2e7a785d8e72f6c31c7218ba37","03 move: 1 retained 03 read(s) through mmm_behavior_numbered_source_root('03_derived_metrics') (lines 74-77). With an activated 03 receipt this resolves history/original_layout/03_derived_metrics (longest archived 03 path 198 characters) and it stops while the receipt is transferring. Independent review and adversarial verification 2026-09-25: path_ok_test_gap.","All writes, directory creation and deletion are under its fresh replay output root 'first_night_hmm_components' (test_historical_audit_replay_io_contract.R rule 1; verified review). Nothing is written under 03 or history/original_layout; run ids 'figures' and 'pipeline' are reserved.","archive_path_ready","","7"
"Testing/audits/audit_first_night_production_parity.R","needs_reader_writer_review","bc7b9be9119718e781d2f92d06e4a6677cc65a45c56514d7faa135f81ff8ef1a","path_prepared_unvalidated","03_derived_metrics","dc99085ef0aaa9bd72ba28bf6f848901ed2988f86d2c939430573f55addbad23","21be1e3e17342f635fb2dc3010be970905189c2e7a785d8e72f6c31c7218ba37","03 move: 2 retained 03 read(s) through mmm_behavior_numbered_source_root('03_derived_metrics') (lines 24-26 | 31 -> Functions/first_night_domain_driver.R:36-43). With an activated 03 receipt this resolves history/original_layout/03_derived_metrics (longest archived 03 path 198 characters) and it stops while the receipt is transferring. Independent review and adversarial verification 2026-09-25: path_ok_test_gap.","All writes, directory creation and deletion are under its fresh replay output root 'first_night_production_parity' (test_historical_audit_replay_io_contract.R rule 1; verified review). Nothing is written under 03 or history/original_layout; run ids 'figures' and 'pipeline' are reserved.","archive_path_ready","Also reads Stage 01 metrics through the activated foundation copy; the live foundation inventory found the 20 planned originals and copies hash-identical (2026-09-25).","10"
"Testing/audits/audit_first_night_time_anchor.R","needs_reader_writer_review","a88ac8d93565159be530494e56fa7b0f43f4f1afbf03f288df09561ebccf7e0c","path_prepared_unvalidated","03_derived_metrics","dc99085ef0aaa9bd72ba28bf6f848901ed2988f86d2c939430573f55addbad23","21be1e3e17342f635fb2dc3010be970905189c2e7a785d8e72f6c31c7218ba37","03 move: 3 retained 03 read(s) through mmm_behavior_numbered_source_root('03_derived_metrics') (lines 23 (resolver internals: Functions/project_paths.R:237-288) | 35 | 42 (loop L40 over 10min_based, 5min_based)). With an activated 03 receipt this resolves history/original_layout/03_derived_metrics (longest archived 03 path 198 characters) and it stops while the receipt is transferring. Independent review and adversarial verification 2026-09-25: path_ok_test_gap.","All writes, directory creation and deletion are under its fresh replay output root 'first_night_time_anchor' (test_historical_audit_replay_io_contract.R rule 1; verified review). Nothing is written under 03 or history/original_layout; run ids 'figures' and 'pipeline' are reserved.","archive_path_ready","","10"
"Testing/audits/audit_first_night_window_provenance.R","needs_reader_writer_review","141e61bab85082517a5aac08bd30ee948c3fff2943ffda811a410921fb8a56f6","live_read_only_checked","03_derived_metrics","dc99085ef0aaa9bd72ba28bf6f848901ed2988f86d2c939430573f55addbad23","21be1e3e17342f635fb2dc3010be970905189c2e7a785d8e72f6c31c7218ba37","03 move: reads no 03 path (verified input inventory); its routing does not change when 03 moves. Independent review and adversarial verification 2026-09-25: path_ok_test_gap.","Console output only: the I/O contract test finds no file write, directory creation or deletion.","archive_path_ready","","7"
"Testing/audits/audit_first_night_window_sensitivity.R","needs_reader_writer_review","5ca577760483006af2de988b7af9d05735e5da3b1a26daec6b2e52d498b7e5af","path_prepared_unvalidated","03_derived_metrics","dc99085ef0aaa9bd72ba28bf6f848901ed2988f86d2c939430573f55addbad23","21be1e3e17342f635fb2dc3010be970905189c2e7a785d8e72f6c31c7218ba37","03 move: 2 retained 03 read(s) through mmm_behavior_numbered_source_root('03_derived_metrics') (lines 170-172 | 200-202). With an activated 03 receipt this resolves history/original_layout/03_derived_metrics (longest archived 03 path 198 characters) and it stops while the receipt is transferring. Independent review and adversarial verification 2026-09-25: path_ok_test_gap.","All writes, directory creation and deletion are under its fresh replay output root 'first_night_window_sensitivity' (test_historical_audit_replay_io_contract.R rule 1; verified review). Nothing is written under 03 or history/original_layout; run ids 'figures' and 'pipeline' are reserved.","archive_path_ready","","12"
"Testing/audits/audit_hmm_state_architecture_component_models.R","needs_reader_writer_review","e135765c4a51f96cf0a26e70d61b838142cefb6b5749d9aa3ad93a4841fcdeab","path_prepared_unvalidated","03_derived_metrics","dc99085ef0aaa9bd72ba28bf6f848901ed2988f86d2c939430573f55addbad23","21be1e3e17342f635fb2dc3010be970905189c2e7a785d8e72f6c31c7218ba37","03 move: 2 retained 03 read(s) through mmm_behavior_numbered_source_root('03_derived_metrics') (lines 82 | 98-105 (file.exists L101, read_csv L105)). With an activated 03 receipt this resolves history/original_layout/03_derived_metrics (longest archived 03 path 198 characters) and it stops while the receipt is transferring. Independent review and adversarial verification 2026-09-25: path_ok_test_gap.","All writes, directory creation and deletion are under its fresh replay output root 'hmm_architecture_component_models' (test_historical_audit_replay_io_contract.R rule 1; verified review). Nothing is written under 03 or history/original_layout; run ids 'figures' and 'pipeline' are reserved.","archive_path_ready","","13"
"Testing/audits/audit_hmm_state_architecture_components.R","needs_reader_writer_review","d8973099d43bd4b1641433e9bcff7cfea2e86bab7bf055f398072c1c18642d81","path_prepared_unvalidated","03_derived_metrics","dc99085ef0aaa9bd72ba28bf6f848901ed2988f86d2c939430573f55addbad23","21be1e3e17342f635fb2dc3010be970905189c2e7a785d8e72f6c31c7218ba37","03 move: 2 retained 03 read(s) through mmm_behavior_numbered_source_root('03_derived_metrics') (lines 91-95 (helper project_paths.R:217-309) | 111-126). With an activated 03 receipt this resolves history/original_layout/03_derived_metrics (longest archived 03 path 198 characters) and it stops while the receipt is transferring. Independent review and adversarial verification 2026-09-25: path_ok_test_gap.","All writes, directory creation and deletion are under its fresh replay output root 'hmm_architecture_components' (test_historical_audit_replay_io_contract.R rule 1; verified review). Nothing is written under 03 or history/original_layout; run ids 'figures' and 'pipeline' are reserved.","archive_path_ready","","13"
"Testing/audits/audit_hmm_state_architecture_construct_comparison.R","needs_reader_writer_review","b80628b1b9f8b5bf57151c9c4ad9f0d49d9a9e30a3d96d4026be6d7229d049a3","path_prepared_unvalidated","03_derived_metrics","dc99085ef0aaa9bd72ba28bf6f848901ed2988f86d2c939430573f55addbad23","21be1e3e17342f635fb2dc3010be970905189c2e7a785d8e72f6c31c7218ba37","03 move: 1 retained 03 read(s) through mmm_behavior_numbered_source_root('03_derived_metrics') (lines 90-106). With an activated 03 receipt this resolves history/original_layout/03_derived_metrics (longest archived 03 path 198 characters) and it stops while the receipt is transferring. Independent review and adversarial verification 2026-09-25: path_ok_test_gap.","All writes, directory creation and deletion are under its fresh replay output root 'hmm_architecture_construct_comparison' (test_historical_audit_replay_io_contract.R rule 1; verified review). Nothing is written under 03 or history/original_layout; run ids 'figures' and 'pipeline' are reserved.","archive_path_ready","Two same-run reads are optional (file.exists then SKIPPED); a missing prerequisite file does not fail the replay.","11"
"Testing/audits/audit_hmm_state_architecture_gap_aware.R","needs_reader_writer_review","e5a4f07543aeff0a86d2f6108b311f89eb933c718b95fab8c3886d447f9128cb","path_prepared_unvalidated","03_derived_metrics","dc99085ef0aaa9bd72ba28bf6f848901ed2988f86d2c939430573f55addbad23","21be1e3e17342f635fb2dc3010be970905189c2e7a785d8e72f6c31c7218ba37","03 move: 2 retained 03 read(s) through mmm_behavior_numbered_source_root('03_derived_metrics') (lines 12-14 -> project_paths.R:217-309 | 45-48 (read_csv at 46)). With an activated 03 receipt this resolves history/original_layout/03_derived_metrics (longest archived 03 path 198 characters) and it stops while the receipt is transferring. Independent review and adversarial verification 2026-09-25: path_ok_test_gap.","All writes, directory creation and deletion are under its fresh replay output root 'hmm_architecture_gap_aware' (test_historical_audit_replay_io_contract.R rule 1; verified review). Nothing is written under 03 or history/original_layout; run ids 'figures' and 'pipeline' are reserved.","archive_path_ready","","4"
"Testing/audits/audit_hmm_state_architecture_identifiability.R","needs_reader_writer_review","cf593f0834fba436a72cc189a402753f159dd7de6486c2107ad7c81d0fc28cbc","path_prepared_unvalidated","03_derived_metrics","dc99085ef0aaa9bd72ba28bf6f848901ed2988f86d2c939430573f55addbad23","21be1e3e17342f635fb2dc3010be970905189c2e7a785d8e72f6c31c7218ba37","03 move: 3 retained 03 read(s) through mmm_behavior_numbered_source_root('03_derived_metrics') (lines 14 -> project_paths.R:217-309 | 71-75 (read_csv at 72) | 78-80). With an activated 03 receipt this resolves history/original_layout/03_derived_metrics (longest archived 03 path 198 characters) and it stops while the receipt is transferring. Independent review and adversarial verification 2026-09-25: path_ok_test_gap.","All writes, directory creation and deletion are under its fresh replay output root 'hmm_architecture_identifiability' (test_historical_audit_replay_io_contract.R rule 1; verified review). Nothing is written under 03 or history/original_layout; run ids 'figures' and 'pipeline' are reserved.","archive_path_ready","","4"
"Testing/audits/audit_hmm_state_architecture_locomotion_dominance.R","needs_reader_writer_review","0aa79eb37d677396762d945a7b0431a434b813da5aa49e73321b716467d19bbf","path_prepared_unvalidated","03_derived_metrics","dc99085ef0aaa9bd72ba28bf6f848901ed2988f86d2c939430573f55addbad23","21be1e3e17342f635fb2dc3010be970905189c2e7a785d8e72f6c31c7218ba37","03 move: reads no 03 path (verified input inventory); its routing does not change when 03 moves. Independent review and adversarial verification 2026-09-25: path_ok_test_gap.","All writes, directory creation and deletion are under its fresh replay output root 'hmm_architecture_locomotion_dominance' (test_historical_audit_replay_io_contract.R rule 1; verified review). Nothing is written under 03 or history/original_layout; run ids 'figures' and 'pipeline' are reserved.","archive_path_ready","","5"
"Testing/audits/audit_hmm_state_architecture_longitudinal.R","needs_reader_writer_review","62087c47d0e1a2fb1c49ea691508ef03d2ef91679176345d8ccfee45fa2415aa","path_prepared_unvalidated","03_derived_metrics","dc99085ef0aaa9bd72ba28bf6f848901ed2988f86d2c939430573f55addbad23","21be1e3e17342f635fb2dc3010be970905189c2e7a785d8e72f6c31c7218ba37","03 move: 2 retained 03 read(s) through mmm_behavior_numbered_source_root('03_derived_metrics') (lines 86 | 99-104 (file.exists L102, read_csv L104)). With an activated 03 receipt this resolves history/original_layout/03_derived_metrics (longest archived 03 path 198 characters) and it stops while the receipt is transferring. Independent review and adversarial verification 2026-09-25: path_ok_test_gap.","All writes, directory creation and deletion are under its fresh replay output root 'hmm_architecture_longitudinal' (test_historical_audit_replay_io_contract.R rule 1; verified review). Nothing is written under 03 or history/original_layout; run ids 'figures' and 'pipeline' are reserved.","archive_path_ready","","12"
"Testing/audits/audit_hmm_state_architecture_partition_robustness.R","needs_reader_writer_review","a274216b31c9caf77ca180e19ada83bac14ad0855015488c7c2c0f8ba7ec9eaf","path_prepared_unvalidated","03_derived_metrics","dc99085ef0aaa9bd72ba28bf6f848901ed2988f86d2c939430573f55addbad23","21be1e3e17342f635fb2dc3010be970905189c2e7a785d8e72f6c31c7218ba37","03 move: 3 retained 03 read(s) through mmm_behavior_numbered_source_root('03_derived_metrics') (lines 15 -> project_paths.R:217-309 | 72-75 (read_csv at 73) | 76-77). With an activated 03 receipt this resolves history/original_layout/03_derived_metrics (longest archived 03 path 198 characters) and it stops while the receipt is transferring. Independent review and adversarial verification 2026-09-25: path_ok_test_gap.","All writes, directory creation and deletion are under its fresh replay output root 'hmm_architecture_partition_robustness' (test_historical_audit_replay_io_contract.R rule 1; verified review). Nothing is written under 03 or history/original_layout; run ids 'figures' and 'pipeline' are reserved.","archive_path_ready","","4"
"Testing/audits/audit_hmm_state_architecture_phaseA_formula_units_qc.R","needs_reader_writer_review","bec3d709d2869f5e50de663aec35aa36b7c555ca30582835b9b1b686c94e10d8","path_prepared_unvalidated","03_derived_metrics","dc99085ef0aaa9bd72ba28bf6f848901ed2988f86d2c939430573f55addbad23","21be1e3e17342f635fb2dc3010be970905189c2e7a785d8e72f6c31c7218ba37","03 move: reads no 03 path (verified input inventory); its routing does not change when 03 moves. Independent review and adversarial verification 2026-09-25: path_ok_test_gap.","All writes, directory creation and deletion are under its fresh replay output root 'hmm_architecture_phasea_formula_units_qc' (test_historical_audit_replay_io_contract.R rule 1; verified review). Nothing is written under 03 or history/original_layout; run ids 'figures' and 'pipeline' are reserved.","archive_path_ready","","8"
"Testing/audits/audit_hmm_state_architecture_phaseA_gapaware_contrasts.R","needs_reader_writer_review","6e507dcacfaf3b68ff6878d225106cfcd8ff1cecfa846971523c447a866c014f","path_prepared_unvalidated","03_derived_metrics","dc99085ef0aaa9bd72ba28bf6f848901ed2988f86d2c939430573f55addbad23","21be1e3e17342f635fb2dc3010be970905189c2e7a785d8e72f6c31c7218ba37","03 move: reads no 03 path (verified input inventory); its routing does not change when 03 moves. Independent review and adversarial verification 2026-09-25: path_ok_test_gap.","All writes, directory creation and deletion are under its fresh replay output root 'hmm_architecture_phasea_gapaware_contrasts' (test_historical_audit_replay_io_contract.R rule 1; verified review). Nothing is written under 03 or history/original_layout; run ids 'figures' and 'pipeline' are reserved.","archive_path_ready","","5"
"Testing/audits/audit_hmm_state_architecture_phaseA_partition_and_gap.R","needs_reader_writer_review","a50da4ac2086de79d9bc1227dc7269f8c915fb0b4007cfbe0dc5aca85d2e63fb","path_prepared_unvalidated","03_derived_metrics","dc99085ef0aaa9bd72ba28bf6f848901ed2988f86d2c939430573f55addbad23","21be1e3e17342f635fb2dc3010be970905189c2e7a785d8e72f6c31c7218ba37","03 move: 3 retained 03 read(s) through mmm_behavior_numbered_source_root('03_derived_metrics') (lines 11 (helper project_paths.R:217-309) | 44-47 | 48-49). With an activated 03 receipt this resolves history/original_layout/03_derived_metrics (longest archived 03 path 198 characters) and it stops while the receipt is transferring. Independent review and adversarial verification 2026-09-25: path_ok_test_gap.","All writes, directory creation and deletion are under its fresh replay output root 'hmm_architecture_phasea_partition_and_gap' (test_historical_audit_replay_io_contract.R rule 1; verified review). Nothing is written under 03 or history/original_layout; run ids 'figures' and 'pipeline' are reserved.","archive_path_ready","","6"
"Testing/audits/audit_hmm_state_architecture_profile.R","needs_reader_writer_review","cc7d7fd118c0997332a49d24d972906cea8729ab8ce4f8d778f4cc31a0ad9a15","path_prepared_unvalidated","03_derived_metrics","dc99085ef0aaa9bd72ba28bf6f848901ed2988f86d2c939430573f55addbad23","21be1e3e17342f635fb2dc3010be970905189c2e7a785d8e72f6c31c7218ba37","03 move: 1 retained 03 read(s) through mmm_behavior_numbered_source_root('03_derived_metrics') (lines 75-86 (dir L67)). With an activated 03 receipt this resolves history/original_layout/03_derived_metrics (longest archived 03 path 198 characters) and it stops while the receipt is transferring. Independent review and adversarial verification 2026-09-25: path_ok_test_gap.","All writes, directory creation and deletion are under its fresh replay output root 'hmm_architecture_profile' (test_historical_audit_replay_io_contract.R rule 1; verified review). Nothing is written under 03 or history/original_layout; run ids 'figures' and 'pipeline' are reserved.","archive_path_ready","","10"
"Testing/audits/audit_hmm_state_architecture_provenance_addendum.R","needs_reader_writer_review","635861952db0445ff5db6f7a61f183aad248527adf53dcc0a2019e7c927378ee","path_prepared_unvalidated","03_derived_metrics","dc99085ef0aaa9bd72ba28bf6f848901ed2988f86d2c939430573f55addbad23","21be1e3e17342f635fb2dc3010be970905189c2e7a785d8e72f6c31c7218ba37","03 move: 2 retained 03 read(s) through mmm_behavior_numbered_source_root('03_derived_metrics') (lines 23-25 -> project_paths.R:217-309 | 32-37). With an activated 03 receipt this resolves history/original_layout/03_derived_metrics (longest archived 03 path 198 characters) and it stops while the receipt is transferring. Independent review and adversarial verification 2026-09-25: path_ok_test_gap.","All writes, directory creation and deletion are under its fresh replay output root 'hmm_architecture_provenance_addendum' (test_historical_audit_replay_io_contract.R rule 1; verified review). Nothing is written under 03 or history/original_layout; run ids 'figures' and 'pipeline' are reserved.","archive_path_ready","","5"
"Testing/audits/audit_hmm_state_architecture_provenance.R","needs_reader_writer_review","49720474af1a764b60617784a69db23509c58d3afa422a1e0facb8fde053bd18","path_prepared_unvalidated","03_derived_metrics","dc99085ef0aaa9bd72ba28bf6f848901ed2988f86d2c939430573f55addbad23","21be1e3e17342f635fb2dc3010be970905189c2e7a785d8e72f6c31c7218ba37","03 move: 2 retained 03 read(s) through mmm_behavior_numbered_source_root('03_derived_metrics') (lines 34-36 -> project_paths.R:217-309 | 44-49). With an activated 03 receipt this resolves history/original_layout/03_derived_metrics (longest archived 03 path 198 characters) and it stops while the receipt is transferring. Independent review and adversarial verification 2026-09-25: path_ok_test_gap.","All writes, directory creation and deletion are under its fresh replay output root 'hmm_architecture_provenance' (test_historical_audit_replay_io_contract.R rule 1; verified review). Nothing is written under 03 or history/original_layout; run ids 'figures' and 'pipeline' are reserved.","archive_path_ready","","5"
"Testing/audits/audit_hmm_state_architecture_qc_sensitivity.R","needs_reader_writer_review","217537057ac8ca9fefd355b6e8dd8cd0c7255f4caa99cd2eab4ec65da6e2a935","path_prepared_unvalidated","03_derived_metrics","dc99085ef0aaa9bd72ba28bf6f848901ed2988f86d2c939430573f55addbad23","21be1e3e17342f635fb2dc3010be970905189c2e7a785d8e72f6c31c7218ba37","03 move: reads no 03 path (verified input inventory); its routing does not change when 03 moves. Independent review and adversarial verification 2026-09-25: path_ok_test_gap.","All writes, directory creation and deletion are under its fresh replay output root 'hmm_architecture_qc_sensitivity' (test_historical_audit_replay_io_contract.R rule 1; verified review). Nothing is written under 03 or history/original_layout; run ids 'figures' and 'pipeline' are reserved.","archive_path_ready","","4"
"Testing/audits/audit_hmm_state_architecture_redundancy.R","needs_reader_writer_review","d1a3309f6246a8d51928d8ce2a9c8f178b29ef980d6c18c54f2e15201478f3b0","path_prepared_unvalidated","03_derived_metrics","dc99085ef0aaa9bd72ba28bf6f848901ed2988f86d2c939430573f55addbad23","21be1e3e17342f635fb2dc3010be970905189c2e7a785d8e72f6c31c7218ba37","03 move: 1 retained 03 read(s) through mmm_behavior_numbered_source_root('03_derived_metrics') (lines 87-96 (path at L88; root at L74)). With an activated 03 receipt this resolves history/original_layout/03_derived_metrics (longest archived 03 path 198 characters) and it stops while the receipt is transferring. Independent review and adversarial verification 2026-09-25: path_ok_test_gap.","All writes, directory creation and deletion are under its fresh replay output root 'hmm_architecture_redundancy' (test_historical_audit_replay_io_contract.R rule 1; verified review). Nothing is written under 03 or history/original_layout; run ids 'figures' and 'pipeline' are reserved.","archive_path_ready","The same-run length-bias read is optional (file.exists then skip).","11"
"Testing/audits/audit_hmm_state_architecture_semantic_erasure.R","needs_reader_writer_review","03c56b55bb754bed7e4a2d883f377c38e31a59e31f743817e3867fa6f3c885f0","path_prepared_unvalidated","03_derived_metrics","dc99085ef0aaa9bd72ba28bf6f848901ed2988f86d2c939430573f55addbad23","21be1e3e17342f635fb2dc3010be970905189c2e7a785d8e72f6c31c7218ba37","03 move: 2 retained 03 read(s) through mmm_behavior_numbered_source_root('03_derived_metrics') (lines 14-16 -> project_paths.R:217-309 | 21-25 (read_csv at 22)). With an activated 03 receipt this resolves history/original_layout/03_derived_metrics (longest archived 03 path 198 characters) and it stops while the receipt is transferring. Independent review and adversarial verification 2026-09-25: path_ok_test_gap.","All writes, directory creation and deletion are under its fresh replay output root 'hmm_architecture_semantic_erasure' (test_historical_audit_replay_io_contract.R rule 1; verified review). Nothing is written under 03 or history/original_layout; run ids 'figures' and 'pipeline' are reserved.","archive_path_ready","","4"
"Testing/audits/audit_hmm_state_architecture_temporal_components.R","needs_reader_writer_review","70346d9a7a8419d48bed7d20a3b8d33adb9b11930c9713a329615cfaa95f9f97","path_prepared_unvalidated","03_derived_metrics","dc99085ef0aaa9bd72ba28bf6f848901ed2988f86d2c939430573f55addbad23","21be1e3e17342f635fb2dc3010be970905189c2e7a785d8e72f6c31c7218ba37","03 move: 2 retained 03 read(s) through mmm_behavior_numbered_source_root('03_derived_metrics') (lines 13-15 -> project_paths.R:217-309 | 18-21 (read_csv at 19)). With an activated 03 receipt this resolves history/original_layout/03_derived_metrics (longest archived 03 path 198 characters) and it stops while the receipt is transferring. Independent review and adversarial verification 2026-09-25: path_ok_test_gap.","All writes, directory creation and deletion are under its fresh replay output root 'hmm_architecture_temporal_components' (test_historical_audit_replay_io_contract.R rule 1; verified review). Nothing is written under 03 or history/original_layout; run ids 'figures' and 'pipeline' are reserved.","archive_path_ready","","7"
"Testing/audits/audit_phase_bug_impact.R","needs_reader_writer_review","5838c88c395544d2e6cd3e51a39c9e83cea83d364626e17c759bcc0fe2d098fb","path_prepared_unvalidated","03_derived_metrics","dc99085ef0aaa9bd72ba28bf6f848901ed2988f86d2c939430573f55addbad23","21be1e3e17342f635fb2dc3010be970905189c2e7a785d8e72f6c31c7218ba37","03 move: 3 retained 03 read(s) through mmm_behavior_numbered_source_root('03_derived_metrics') (lines 13 -> project_paths.R:217-309 | 28-30 | 31-32). With an activated 03 receipt this resolves history/original_layout/03_derived_metrics (longest archived 03 path 198 characters) and it stops while the receipt is transferring. Independent review and adversarial verification 2026-09-25: path_ok_test_gap.","All writes, directory creation and deletion are under its fresh replay output root 'phase_bug_impact' (test_historical_audit_replay_io_contract.R rule 1; verified review). Nothing is written under 03 or history/original_layout; run ids 'figures' and 'pipeline' are reserved.","archive_path_ready","","6"
"Testing/audits/audit_rfid_legacy_vs_new_domains.R","needs_reader_writer_review","248dee9916e527685742879475413762d837d2c587acb67a8f0fc91fc84bf7e2","path_prepared_unvalidated","03_derived_metrics","dc99085ef0aaa9bd72ba28bf6f848901ed2988f86d2c939430573f55addbad23","21be1e3e17342f635fb2dc3010be970905189c2e7a785d8e72f6c31c7218ba37","03 move: reads no 03 path (verified input inventory); its routing does not change when 03 moves. Independent review and adversarial verification 2026-09-25: path_ok_test_gap.","All writes, directory creation and deletion are under its fresh replay output root 'rfid_legacy_vs_new_domains' (test_historical_audit_replay_io_contract.R rule 1; verified review). Nothing is written under 03 or history/original_layout; run ids 'figures' and 'pipeline' are reserved.","archive_path_ready","","6"
"Testing/audits/audit_stage09_stale_artifacts.R","needs_reader_writer_review","e56525c99f5bb7bd2af8afb063293a14ea32eb0f601626d443f693c109c729dd","path_prepared_unvalidated","03_derived_metrics","dc99085ef0aaa9bd72ba28bf6f848901ed2988f86d2c939430573f55addbad23","21be1e3e17342f635fb2dc3010be970905189c2e7a785d8e72f6c31c7218ba37","03 move: 2 retained 03 read(s) through mmm_behavior_numbered_source_root('03_derived_metrics') (lines 14-15 -> project_paths.R:217-309 | 18-21 (read_csv at 19)). With an activated 03 receipt this resolves history/original_layout/03_derived_metrics (longest archived 03 path 198 characters) and it stops while the receipt is transferring. Independent review and adversarial verification 2026-09-25: path_gap.","All writes, directory creation and deletion are under its fresh replay output root 'stage09_stale_artifacts' (test_historical_audit_replay_io_contract.R rule 1; verified review). Nothing is written under 03 or history/original_layout; run ids 'figures' and 'pipeline' are reserved.","archive_path_ready","Pre-existing, archive-neutral gap: five 06 early_prediction families it reads were quarantined to _quarantine_legacy_s09 on 2026-09-03 and are absent before and after any move; the replay reports them as absent instead of reproducing them. Not changed by the 03 move.","6"
"Testing/audits/audit_stage10_semantic_discovery_parity.R","needs_reader_writer_review","dbcbf4769d4d2c57524e39f37d4f570e7a5f624d7a51161a720c2e563acbe999","live_numbered_only_checked","03_derived_metrics","dc99085ef0aaa9bd72ba28bf6f848901ed2988f86d2c939430573f55addbad23","21be1e3e17342f635fb2dc3010be970905189c2e7a785d8e72f6c31c7218ba37","03 move: reads no 03 path (verified input inventory); its routing does not change when 03 moves. Independent review and adversarial verification 2026-09-25: path_gap.","Console output only: the I/O contract test finds no file write, directory creation or deletion.","archive_path_ready","Blocks a later 06 move: after 06 is archived, 20 retained paths reach 260-264 characters and R on this host (LongPathsEnabled=0) cannot open them. Unaffected by the 03 move. Needs the RFID-root argument.","7"
"Testing/audits/compare_identity_correction_before_after.R","needs_reader_writer_review","9ed3388eef0d9bfc9279adf34b208bf331b1d44cce3377095b14b8deee8e6af9","path_prepared_unvalidated","03_derived_metrics","dc99085ef0aaa9bd72ba28bf6f848901ed2988f86d2c939430573f55addbad23","21be1e3e17342f635fb2dc3010be970905189c2e7a785d8e72f6c31c7218ba37","03 move: reads no 03 path (verified input inventory); its routing does not change when 03 moves. Independent review and adversarial verification 2026-09-25: special_invocation.","All writes, directory creation and deletion are under its fresh replay output root 'identity_correction_before_after' (test_historical_audit_replay_io_contract.R rule 1; verified review). Nothing is written under 03 or history/original_layout; run ids 'figures' and 'pipeline' are reserved.","archive_path_ready","Scientific comparison stays unvalidated: no verified independent pre-correction baseline exists. Its Stage 09 legacy candidate resolves through the 06 receipt. Unaffected by the 03 move.","10"
