"script","review_state","script_sha256","queue_state","archive_root","queue_sha256","shared_code_sha256","path_review_evidence","writer_review_evidence","review_notes","long_path_note","approval_note"
"Testing/audits/audit_first_night_candidate_set_algebra_crosscheck.R","archive_path_ready","c278a610a0f471f2293ef5d6f0cb542fb83f194e03ada0d8e84188d98956d42f","live_read_only_checked","12_systems_neuroscience_summary","31131d89c21049fdae79b07a643cc931684054f27edd69c2cda6690ab696c707","d653a38e10ba76953a34985d547b72b70a3841d960314fe4e0a9260191599a1c","12 move: reads no 12 path (verified input inventory); its routing does not change when 12 moves. Independent review and adversarial verification 2026-09-25: path_ok_test_gap.","Console output only: the I/O contract test finds no file write, directory creation or deletion.","","Seven archived paths reach 260-265 characters: one plotly stylesheet has an identical dashboard copy, and six historical HMM audit CSVs have no copy but are read by no code; queued audits write them only to fresh replay folders.","Maintainer approved moving 12_systems_neuroscience_summary on 2026-09-25 under the ArchivePath standard used for 03, after the path-length assessment. Path and writer review; not a scientific replay result."
"Testing/audits/audit_first_night_candidate_set_decision.R","archive_path_ready","dc469f7d79e6b35a8670252584ad401a3809bf7f83dec4f9efe40f52b368c530","path_prepared_unvalidated","12_systems_neuroscience_summary","31131d89c21049fdae79b07a643cc931684054f27edd69c2cda6690ab696c707","d653a38e10ba76953a34985d547b72b70a3841d960314fe4e0a9260191599a1c","12 move: reads no 12 path (verified input inventory); its routing does not change when 12 moves. Independent review and adversarial verification 2026-09-25: path_ok_test_gap.","All writes, directory creation and deletion are under its fresh replay output root 'first_night_candidate_set_decision' (test_historical_audit_replay_io_contract.R rule 1; verified review). Nothing is written under 12 or history/original_layout; run ids 'figures' and 'pipeline' are reserved.","","Seven archived paths reach 260-265 characters: one plotly stylesheet has an identical dashboard copy, and six historical HMM audit CSVs have no copy but are read by no code; queued audits write them only to fresh replay folders.","Maintainer approved moving 12_systems_neuroscience_summary on 2026-09-25 under the ArchivePath standard used for 03, after the path-length assessment. Path and writer review; not a scientific replay result."
"Testing/audits/audit_first_night_candidate_set_effects.R","archive_path_ready","047a11942cd16167c4a96d4c55298ca4cce3223bd3a811cfa6d2bb5a2a969ac5","path_prepared_unvalidated","12_systems_neuroscience_summary","31131d89c21049fdae79b07a643cc931684054f27edd69c2cda6690ab696c707","d653a38e10ba76953a34985d547b72b70a3841d960314fe4e0a9260191599a1c","12 move: reads no 12 path (verified input inventory); its routing does not change when 12 moves. Independent review and adversarial verification 2026-09-25: path_ok_test_gap.","All writes, directory creation and deletion are under its fresh replay output root 'first_night_candidate_set_effects' (test_historical_audit_replay_io_contract.R rule 1; verified review). Nothing is written under 12 or history/original_layout; run ids 'figures' and 'pipeline' are reserved.","","Seven archived paths reach 260-265 characters: one plotly stylesheet has an identical dashboard copy, and six historical HMM audit CSVs have no copy but are read by no code; queued audits write them only to fresh replay folders.","Maintainer approved moving 12_systems_neuroscience_summary on 2026-09-25 under the ArchivePath standard used for 03, after the path-length assessment. Path and writer review; not a scientific replay result."
"Testing/audits/audit_first_night_candidate_set_scores.R","archive_path_ready","967b5c0b3c5d7b590dc5168b098cbfa3b16f494dac57d0e34b837dd319dd4cab","path_prepared_unvalidated","12_systems_neuroscience_summary","31131d89c21049fdae79b07a643cc931684054f27edd69c2cda6690ab696c707","d653a38e10ba76953a34985d547b72b70a3841d960314fe4e0a9260191599a1c","12 move: 2 retained 12 read(s) through mmm_behavior_numbered_source_root('12_systems_neuroscience_summary') (lines 57-59, 62-63, 64 (via Functions/project_paths.R:233-290) | 168 (file.exists), 169 (read_csv); path at L167). With an activated receipt this resolves history/original_layout/12_systems_neuroscience_summary, and it stops while the receipt is transferring. No read is among the archived paths of 260 or more characters. Independent review and adversarial verification 2026-09-25: path_ok_test_gap.","All writes, directory creation and deletion are under its fresh replay output root 'first_night_candidate_set_scores' (test_historical_audit_replay_io_contract.R rule 1; verified review). Nothing is written under 12 or history/original_layout; run ids 'figures' and 'pipeline' are reserved.","Reads the retained 12 time-anchor table (archived path under 260 characters) rather than the same-run replay of audit_first_night_time_anchor.R (documented; not a path failure).","Seven archived paths reach 260-265 characters: one plotly stylesheet has an identical dashboard copy, and six historical HMM audit CSVs have no copy but are read by no code; queued audits write them only to fresh replay folders.","Maintainer approved moving 12_systems_neuroscience_summary on 2026-09-25 under the ArchivePath standard used for 03, after the path-length assessment. Path and writer review; not a scientific replay result."
"Testing/audits/audit_first_night_domain_scores_v2.R","archive_path_ready","56c0b24d03a528888efb001e5776f21bc3b6638bb829f0355ddfa8649b1f501d","path_prepared_unvalidated","12_systems_neuroscience_summary","31131d89c21049fdae79b07a643cc931684054f27edd69c2cda6690ab696c707","d653a38e10ba76953a34985d547b72b70a3841d960314fe4e0a9260191599a1c","12 move: 1 retained 12 read(s) through mmm_behavior_numbered_source_root('12_systems_neuroscience_summary') (lines 51-52, 55-56, 57 (resolver internals: project_paths.R:237-288)). With an activated receipt this resolves history/original_layout/12_systems_neuroscience_summary, and it stops while the receipt is transferring. No read is among the archived paths of 260 or more characters. Independent review and adversarial verification 2026-09-25: path_ok_test_gap.","All writes, directory creation and deletion are under its fresh replay output root 'first_night_domain_scores_v2' (test_historical_audit_replay_io_contract.R rule 1; verified review). Nothing is written under 12 or history/original_layout; run ids 'figures' and 'pipeline' are reserved.","","Seven archived paths reach 260-265 characters: one plotly stylesheet has an identical dashboard copy, and six historical HMM audit CSVs have no copy but are read by no code; queued audits write them only to fresh replay folders.","Maintainer approved moving 12_systems_neuroscience_summary on 2026-09-25 under the ArchivePath standard used for 03, after the path-length assessment. Path and writer review; not a scientific replay result."
"Testing/audits/audit_first_night_domain_scores.R","archive_path_ready","bfea633ffbe1576e76b55a3d34a8283c35708c72fb6e1b532be9961e073482a2","path_prepared_unvalidated","12_systems_neuroscience_summary","31131d89c21049fdae79b07a643cc931684054f27edd69c2cda6690ab696c707","d653a38e10ba76953a34985d547b72b70a3841d960314fe4e0a9260191599a1c","12 move: 2 retained 12 read(s) through mmm_behavior_numbered_source_root('12_systems_neuroscience_summary') (lines 881-883 | 905-907). With an activated receipt this resolves history/original_layout/12_systems_neuroscience_summary, and it stops while the receipt is transferring. No read is among the archived paths of 260 or more characters. Independent review and adversarial verification 2026-09-25: path_ok_test_gap.","All writes, directory creation and deletion are under its fresh replay output root 'first_night_domain_scores_v1' (test_historical_audit_replay_io_contract.R rule 1; verified review). Nothing is written under 12 or history/original_layout; run ids 'figures' and 'pipeline' are reserved.","","Seven archived paths reach 260-265 characters: one plotly stylesheet has an identical dashboard copy, and six historical HMM audit CSVs have no copy but are read by no code; queued audits write them only to fresh replay folders.","Maintainer approved moving 12_systems_neuroscience_summary on 2026-09-25 under the ArchivePath standard used for 03, after the path-length assessment. Path and writer review; not a scientific replay result."
"Testing/audits/audit_first_night_dwell_partition_stability.R","archive_path_ready","fb6e550cbbe03c76500fe51b59cf18a1b3305231ee82da10839c551c69a8bd0b","path_prepared_unvalidated","12_systems_neuroscience_summary","31131d89c21049fdae79b07a643cc931684054f27edd69c2cda6690ab696c707","d653a38e10ba76953a34985d547b72b70a3841d960314fe4e0a9260191599a1c","12 move: reads no 12 path (verified input inventory); its routing does not change when 12 moves. Independent review and adversarial verification 2026-09-25: path_ok_test_gap.","All writes, directory creation and deletion are under its fresh replay output root 'first_night_dwell_partition_stability' (test_historical_audit_replay_io_contract.R rule 1; verified review). Nothing is written under 12 or history/original_layout; run ids 'figures' and 'pipeline' are reserved.","","Seven archived paths reach 260-265 characters: one plotly stylesheet has an identical dashboard copy, and six historical HMM audit CSVs have no copy but are read by no code; queued audits write them only to fresh replay folders.","Maintainer approved moving 12_systems_neuroscience_summary on 2026-09-25 under the ArchivePath standard used for 03, after the path-length assessment. Path and writer review; not a scientific replay result."
"Testing/audits/audit_first_night_dwell_shipped_vs_refit.R","archive_path_ready","11740799993c748d39050b1a035683185b97e2eacb171df7b49e44259d700f24","path_prepared_unvalidated","12_systems_neuroscience_summary","31131d89c21049fdae79b07a643cc931684054f27edd69c2cda6690ab696c707","d653a38e10ba76953a34985d547b72b70a3841d960314fe4e0a9260191599a1c","12 move: reads no 12 path (verified input inventory); its routing does not change when 12 moves. Independent review and adversarial verification 2026-09-25: path_ok_test_gap.","All writes, directory creation and deletion are under its fresh replay output root 'first_night_dwell_shipped_vs_refit' (test_historical_audit_replay_io_contract.R rule 1; verified review). Nothing is written under 12 or history/original_layout; run ids 'figures' and 'pipeline' are reserved.","","Seven archived paths reach 260-265 characters: one plotly stylesheet has an identical dashboard copy, and six historical HMM audit CSVs have no copy but are read by no code; queued audits write them only to fresh replay folders.","Maintainer approved moving 12_systems_neuroscience_summary on 2026-09-25 under the ArchivePath standard used for 03, after the path-length assessment. Path and writer review; not a scientific replay result."
"Testing/audits/audit_first_night_heatmap_v2.R","archive_path_ready","85a5649e34a3cccdf7f55ca739c8a22987aaa233bd73ca4d0931e436ce0d211e","path_prepared_unvalidated","12_systems_neuroscience_summary","31131d89c21049fdae79b07a643cc931684054f27edd69c2cda6690ab696c707","d653a38e10ba76953a34985d547b72b70a3841d960314fe4e0a9260191599a1c","12 move: 2 retained 12 read(s) through mmm_behavior_numbered_source_root('12_systems_neuroscience_summary') (lines 60-61, 64 (project_paths.R:237-288) | 916 (path L65)). With an activated receipt this resolves history/original_layout/12_systems_neuroscience_summary, and it stops while the receipt is transferring. No read is among the archived paths of 260 or more characters. Independent review and adversarial verification 2026-09-25: path_ok_test_gap.","All writes, directory creation and deletion are under its fresh replay output root 'first_night_heatmap_v2' (test_historical_audit_replay_io_contract.R rule 1; verified review). Nothing is written under 12 or history/original_layout; run ids 'figures' and 'pipeline' are reserved.","","Seven archived paths reach 260-265 characters: one plotly stylesheet has an identical dashboard copy, and six historical HMM audit CSVs have no copy but are read by no code; queued audits write them only to fresh replay folders.","Maintainer approved moving 12_systems_neuroscience_summary on 2026-09-25 under the ArchivePath standard used for 03, after the path-length assessment. Path and writer review; not a scientific replay result."
"Testing/audits/audit_first_night_hmm_components.R","archive_path_ready","085895b982dce2298a4d7b4e96b65a1ac2c7ade07e64dc38130001edb4d71444","path_prepared_unvalidated","12_systems_neuroscience_summary","31131d89c21049fdae79b07a643cc931684054f27edd69c2cda6690ab696c707","d653a38e10ba76953a34985d547b72b70a3841d960314fe4e0a9260191599a1c","12 move: 2 retained 12 read(s) through mmm_behavior_numbered_source_root('12_systems_neuroscience_summary') (lines 612-613 | 628-640). With an activated receipt this resolves history/original_layout/12_systems_neuroscience_summary, and it stops while the receipt is transferring. No read is among the archived paths of 260 or more characters. Independent review and adversarial verification 2026-09-25: path_ok_test_gap.","All writes, directory creation and deletion are under its fresh replay output root 'first_night_hmm_components' (test_historical_audit_replay_io_contract.R rule 1; verified review). Nothing is written under 12 or history/original_layout; run ids 'figures' and 'pipeline' are reserved.","","Seven archived paths reach 260-265 characters: one plotly stylesheet has an identical dashboard copy, and six historical HMM audit CSVs have no copy but are read by no code; queued audits write them only to fresh replay folders.","Maintainer approved moving 12_systems_neuroscience_summary on 2026-09-25 under the ArchivePath standard used for 03, after the path-length assessment. Path and writer review; not a scientific replay result."
"Testing/audits/audit_first_night_production_parity.R","archive_path_ready","767fa1099d6d7d5059cb38f2a9905a75d619073b7be540240c6705e38cf6b196","path_prepared_unvalidated","12_systems_neuroscience_summary","31131d89c21049fdae79b07a643cc931684054f27edd69c2cda6690ab696c707","d653a38e10ba76953a34985d547b72b70a3841d960314fe4e0a9260191599a1c","12 move: 1 retained 12 read(s) through mmm_behavior_numbered_source_root('12_systems_neuroscience_summary') (lines 18-20, 90-93). With an activated receipt this resolves history/original_layout/12_systems_neuroscience_summary, and it stops while the receipt is transferring. No read is among the archived paths of 260 or more characters. Independent review and adversarial verification 2026-09-25: path_ok_test_gap.","All writes, directory creation and deletion are under its fresh replay output root 'first_night_production_parity' (test_historical_audit_replay_io_contract.R rule 1; verified review). Nothing is written under 12 or history/original_layout; run ids 'figures' and 'pipeline' are reserved.","","Seven archived paths reach 260-265 characters: one plotly stylesheet has an identical dashboard copy, and six historical HMM audit CSVs have no copy but are read by no code; queued audits write them only to fresh replay folders.","Maintainer approved moving 12_systems_neuroscience_summary on 2026-09-25 under the ArchivePath standard used for 03, after the path-length assessment. Path and writer review; not a scientific replay result."
"Testing/audits/audit_first_night_time_anchor.R","archive_path_ready","9994f065c9fcc388aa6b39f670614c28c2ab0a488ace3d592cf4ea8536b70747","path_prepared_unvalidated","12_systems_neuroscience_summary","31131d89c21049fdae79b07a643cc931684054f27edd69c2cda6690ab696c707","d653a38e10ba76953a34985d547b72b70a3841d960314fe4e0a9260191599a1c","12 move: reads no 12 path (verified input inventory); its routing does not change when 12 moves. Independent review and adversarial verification 2026-09-25: path_ok_test_gap.","All writes, directory creation and deletion are under its fresh replay output root 'first_night_time_anchor' (test_historical_audit_replay_io_contract.R rule 1; verified review). Nothing is written under 12 or history/original_layout; run ids 'figures' and 'pipeline' are reserved.","","Seven archived paths reach 260-265 characters: one plotly stylesheet has an identical dashboard copy, and six historical HMM audit CSVs have no copy but are read by no code; queued audits write them only to fresh replay folders.","Maintainer approved moving 12_systems_neuroscience_summary on 2026-09-25 under the ArchivePath standard used for 03, after the path-length assessment. Path and writer review; not a scientific replay result."
"Testing/audits/audit_first_night_window_provenance.R","archive_path_ready","092f1bcfe4bafc101bda2d0ff62efa8e3d251788d3c961042f61237d7bd6f0d4","live_read_only_checked","12_systems_neuroscience_summary","31131d89c21049fdae79b07a643cc931684054f27edd69c2cda6690ab696c707","d653a38e10ba76953a34985d547b72b70a3841d960314fe4e0a9260191599a1c","12 move: 1 retained 12 read(s) through mmm_behavior_numbered_source_root('12_systems_neuroscience_summary') (lines 54-55). With an activated receipt this resolves history/original_layout/12_systems_neuroscience_summary, and it stops while the receipt is transferring. No read is among the archived paths of 260 or more characters. Independent review and adversarial verification 2026-09-25: path_ok_test_gap.","Console output only: the I/O contract test finds no file write, directory creation or deletion.","","Seven archived paths reach 260-265 characters: one plotly stylesheet has an identical dashboard copy, and six historical HMM audit CSVs have no copy but are read by no code; queued audits write them only to fresh replay folders.","Maintainer approved moving 12_systems_neuroscience_summary on 2026-09-25 under the ArchivePath standard used for 03, after the path-length assessment. Path and writer review; not a scientific replay result."
"Testing/audits/audit_first_night_window_sensitivity.R","archive_path_ready","293a6aa51ab0f862bf66a48eacd6b69d124d7a1d699ccda0bbd4d63a35b9bfb5","path_prepared_unvalidated","12_systems_neuroscience_summary","31131d89c21049fdae79b07a643cc931684054f27edd69c2cda6690ab696c707","d653a38e10ba76953a34985d547b72b70a3841d960314fe4e0a9260191599a1c","12 move: 1 retained 12 read(s) through mmm_behavior_numbered_source_root('12_systems_neuroscience_summary') (lines 56-57). With an activated receipt this resolves history/original_layout/12_systems_neuroscience_summary, and it stops while the receipt is transferring. No read is among the archived paths of 260 or more characters. Independent review and adversarial verification 2026-09-25: path_ok_test_gap.","All writes, directory creation and deletion are under its fresh replay output root 'first_night_window_sensitivity' (test_historical_audit_replay_io_contract.R rule 1; verified review). Nothing is written under 12 or history/original_layout; run ids 'figures' and 'pipeline' are reserved.","","Seven archived paths reach 260-265 characters: one plotly stylesheet has an identical dashboard copy, and six historical HMM audit CSVs have no copy but are read by no code; queued audits write them only to fresh replay folders.","Maintainer approved moving 12_systems_neuroscience_summary on 2026-09-25 under the ArchivePath standard used for 03, after the path-length assessment. Path and writer review; not a scientific replay result."
"Testing/audits/audit_hmm_state_architecture_component_models.R","archive_path_ready","54022f578a12784902b41f4edc6c456571b47756704b91c6a64f6360895112b5","path_prepared_unvalidated","12_systems_neuroscience_summary","31131d89c21049fdae79b07a643cc931684054f27edd69c2cda6690ab696c707","d653a38e10ba76953a34985d547b72b70a3841d960314fe4e0a9260191599a1c","12 move: reads no 12 path (verified input inventory); its routing does not change when 12 moves. Independent review and adversarial verification 2026-09-25: path_ok_test_gap.","All writes, directory creation and deletion are under its fresh replay output root 'hmm_architecture_component_models' (test_historical_audit_replay_io_contract.R rule 1; verified review). Nothing is written under 12 or history/original_layout; run ids 'figures' and 'pipeline' are reserved.","","Seven archived paths reach 260-265 characters: one plotly stylesheet has an identical dashboard copy, and six historical HMM audit CSVs have no copy but are read by no code; queued audits write them only to fresh replay folders.","Maintainer approved moving 12_systems_neuroscience_summary on 2026-09-25 under the ArchivePath standard used for 03, after the path-length assessment. Path and writer review; not a scientific replay result."
"Testing/audits/audit_hmm_state_architecture_components.R","archive_path_ready","2c0d3d59ceb95c1b61bed88ddc11d0131e7674d34d57d76c22482fa667ab36a4","path_prepared_unvalidated","12_systems_neuroscience_summary","31131d89c21049fdae79b07a643cc931684054f27edd69c2cda6690ab696c707","d653a38e10ba76953a34985d547b72b70a3841d960314fe4e0a9260191599a1c","12 move: 4 retained 12 read(s) through mmm_behavior_numbered_source_root('12_systems_neuroscience_summary') (lines 91-95 (helper project_paths.R:217-309) | 192-202 | 734-742 | 1309-1313). With an activated receipt this resolves history/original_layout/12_systems_neuroscience_summary, and it stops while the receipt is transferring. No read is among the archived paths of 260 or more characters. Independent review and adversarial verification 2026-09-25: path_ok_test_gap.","All writes, directory creation and deletion are under its fresh replay output root 'hmm_architecture_components' (test_historical_audit_replay_io_contract.R rule 1; verified review). Nothing is written under 12 or history/original_layout; run ids 'figures' and 'pipeline' are reserved.","","Seven archived paths reach 260-265 characters: one plotly stylesheet has an identical dashboard copy, and six historical HMM audit CSVs have no copy but are read by no code; queued audits write them only to fresh replay folders.","Maintainer approved moving 12_systems_neuroscience_summary on 2026-09-25 under the ArchivePath standard used for 03, after the path-length assessment. Path and writer review; not a scientific replay result."
"Testing/audits/audit_hmm_state_architecture_construct_comparison.R","archive_path_ready","4816e63426dd46f85f33c6ff0d663b6d5d930a2b0f33978f709ad8d05496fe9b","path_prepared_unvalidated","12_systems_neuroscience_summary","31131d89c21049fdae79b07a643cc931684054f27edd69c2cda6690ab696c707","d653a38e10ba76953a34985d547b72b70a3841d960314fe4e0a9260191599a1c","12 move: 1 retained 12 read(s) through mmm_behavior_numbered_source_root('12_systems_neuroscience_summary') (lines 310-312). With an activated receipt this resolves history/original_layout/12_systems_neuroscience_summary, and it stops while the receipt is transferring. No read is among the archived paths of 260 or more characters. Independent review and adversarial verification 2026-09-25: path_ok_test_gap.","All writes, directory creation and deletion are under its fresh replay output root 'hmm_architecture_construct_comparison' (test_historical_audit_replay_io_contract.R rule 1; verified review). Nothing is written under 12 or history/original_layout; run ids 'figures' and 'pipeline' are reserved.","","Seven archived paths reach 260-265 characters: one plotly stylesheet has an identical dashboard copy, and six historical HMM audit CSVs have no copy but are read by no code; queued audits write them only to fresh replay folders.","Maintainer approved moving 12_systems_neuroscience_summary on 2026-09-25 under the ArchivePath standard used for 03, after the path-length assessment. Path and writer review; not a scientific replay result."
"Testing/audits/audit_hmm_state_architecture_gap_aware.R","archive_path_ready","aad50d674a88a1fa773a5a3bf4ed04f94e62e5780bb403e2610e77fb623742d0","path_prepared_unvalidated","12_systems_neuroscience_summary","31131d89c21049fdae79b07a643cc931684054f27edd69c2cda6690ab696c707","d653a38e10ba76953a34985d547b72b70a3841d960314fe4e0a9260191599a1c","12 move: reads no 12 path (verified input inventory); its routing does not change when 12 moves. Independent review and adversarial verification 2026-09-25: path_ok_test_gap.","All writes, directory creation and deletion are under its fresh replay output root 'hmm_architecture_gap_aware' (test_historical_audit_replay_io_contract.R rule 1; verified review). Nothing is written under 12 or history/original_layout; run ids 'figures' and 'pipeline' are reserved.","","Seven archived paths reach 260-265 characters: one plotly stylesheet has an identical dashboard copy, and six historical HMM audit CSVs have no copy but are read by no code; queued audits write them only to fresh replay folders.","Maintainer approved moving 12_systems_neuroscience_summary on 2026-09-25 under the ArchivePath standard used for 03, after the path-length assessment. Path and writer review; not a scientific replay result."
"Testing/audits/audit_hmm_state_architecture_identifiability.R","archive_path_ready","57d57091e9f39202d4204ebf1fcbe560a2190136e924e613a4e2797f4177ac5c","path_prepared_unvalidated","12_systems_neuroscience_summary","31131d89c21049fdae79b07a643cc931684054f27edd69c2cda6690ab696c707","d653a38e10ba76953a34985d547b72b70a3841d960314fe4e0a9260191599a1c","12 move: reads no 12 path (verified input inventory); its routing does not change when 12 moves. Independent review and adversarial verification 2026-09-25: path_ok_test_gap.","All writes, directory creation and deletion are under its fresh replay output root 'hmm_architecture_identifiability' (test_historical_audit_replay_io_contract.R rule 1; verified review). Nothing is written under 12 or history/original_layout; run ids 'figures' and 'pipeline' are reserved.","","Seven archived paths reach 260-265 characters: one plotly stylesheet has an identical dashboard copy, and six historical HMM audit CSVs have no copy but are read by no code; queued audits write them only to fresh replay folders.","Maintainer approved moving 12_systems_neuroscience_summary on 2026-09-25 under the ArchivePath standard used for 03, after the path-length assessment. Path and writer review; not a scientific replay result."
"Testing/audits/audit_hmm_state_architecture_locomotion_dominance.R","archive_path_ready","4af490ec10c1fe1a325aabce62357750aacafa82fe4b5e855bd0cbfd81b7e718","path_prepared_unvalidated","12_systems_neuroscience_summary","31131d89c21049fdae79b07a643cc931684054f27edd69c2cda6690ab696c707","d653a38e10ba76953a34985d547b72b70a3841d960314fe4e0a9260191599a1c","12 move: 3 retained 12 read(s) through mmm_behavior_numbered_source_root('12_systems_neuroscience_summary') (lines 9-10 -> project_paths.R:217-309 | 14-15 | 18-19). With an activated receipt this resolves history/original_layout/12_systems_neuroscience_summary, and it stops while the receipt is transferring. No read is among the archived paths of 260 or more characters. Independent review and adversarial verification 2026-09-25: path_ok_test_gap.","All writes, directory creation and deletion are under its fresh replay output root 'hmm_architecture_locomotion_dominance' (test_historical_audit_replay_io_contract.R rule 1; verified review). Nothing is written under 12 or history/original_layout; run ids 'figures' and 'pipeline' are reserved.","","Seven archived paths reach 260-265 characters: one plotly stylesheet has an identical dashboard copy, and six historical HMM audit CSVs have no copy but are read by no code; queued audits write them only to fresh replay folders.","Maintainer approved moving 12_systems_neuroscience_summary on 2026-09-25 under the ArchivePath standard used for 03, after the path-length assessment. Path and writer review; not a scientific replay result."
"Testing/audits/audit_hmm_state_architecture_longitudinal.R","archive_path_ready","4dd66d8803e9b4b9e314d54036e335208612ac82073fbfdbab6d49eb63643be9","path_prepared_unvalidated","12_systems_neuroscience_summary","31131d89c21049fdae79b07a643cc931684054f27edd69c2cda6690ab696c707","d653a38e10ba76953a34985d547b72b70a3841d960314fe4e0a9260191599a1c","12 move: reads no 12 path (verified input inventory); its routing does not change when 12 moves. Independent review and adversarial verification 2026-09-25: path_ok_test_gap.","All writes, directory creation and deletion are under its fresh replay output root 'hmm_architecture_longitudinal' (test_historical_audit_replay_io_contract.R rule 1; verified review). Nothing is written under 12 or history/original_layout; run ids 'figures' and 'pipeline' are reserved.","","Seven archived paths reach 260-265 characters: one plotly stylesheet has an identical dashboard copy, and six historical HMM audit CSVs have no copy but are read by no code; queued audits write them only to fresh replay folders.","Maintainer approved moving 12_systems_neuroscience_summary on 2026-09-25 under the ArchivePath standard used for 03, after the path-length assessment. Path and writer review; not a scientific replay result."
"Testing/audits/audit_hmm_state_architecture_partition_robustness.R","archive_path_ready","d9eccba9e928ffaeae1d089a4b809d4d86e1ef865a5f248ae6b940c47b835d7d","path_prepared_unvalidated","12_systems_neuroscience_summary","31131d89c21049fdae79b07a643cc931684054f27edd69c2cda6690ab696c707","d653a38e10ba76953a34985d547b72b70a3841d960314fe4e0a9260191599a1c","12 move: reads no 12 path (verified input inventory); its routing does not change when 12 moves. Independent review and adversarial verification 2026-09-25: path_ok_test_gap.","All writes, directory creation and deletion are under its fresh replay output root 'hmm_architecture_partition_robustness' (test_historical_audit_replay_io_contract.R rule 1; verified review). Nothing is written under 12 or history/original_layout; run ids 'figures' and 'pipeline' are reserved.","","Seven archived paths reach 260-265 characters: one plotly stylesheet has an identical dashboard copy, and six historical HMM audit CSVs have no copy but are read by no code; queued audits write them only to fresh replay folders.","Maintainer approved moving 12_systems_neuroscience_summary on 2026-09-25 under the ArchivePath standard used for 03, after the path-length assessment. Path and writer review; not a scientific replay result."
"Testing/audits/audit_hmm_state_architecture_phaseA_formula_units_qc.R","archive_path_ready","2a958fe4dbe0396b47b1f4983548f0f8b2ab7f8a3d6259adea0fb32b3a31598a","path_prepared_unvalidated","12_systems_neuroscience_summary","31131d89c21049fdae79b07a643cc931684054f27edd69c2cda6690ab696c707","d653a38e10ba76953a34985d547b72b70a3841d960314fe4e0a9260191599a1c","12 move: 2 retained 12 read(s) through mmm_behavior_numbered_source_root('12_systems_neuroscience_summary') (lines 9-12 (helper project_paths.R:217-309) | 90-95). With an activated receipt this resolves history/original_layout/12_systems_neuroscience_summary, and it stops while the receipt is transferring. No read is among the archived paths of 260 or more characters. Independent review and adversarial verification 2026-09-25: path_ok_test_gap.","All writes, directory creation and deletion are under its fresh replay output root 'hmm_architecture_phasea_formula_units_qc' (test_historical_audit_replay_io_contract.R rule 1; verified review). Nothing is written under 12 or history/original_layout; run ids 'figures' and 'pipeline' are reserved.","","Seven archived paths reach 260-265 characters: one plotly stylesheet has an identical dashboard copy, and six historical HMM audit CSVs have no copy but are read by no code; queued audits write them only to fresh replay folders.","Maintainer approved moving 12_systems_neuroscience_summary on 2026-09-25 under the ArchivePath standard used for 03, after the path-length assessment. Path and writer review; not a scientific replay result."
"Testing/audits/audit_hmm_state_architecture_phaseA_gapaware_contrasts.R","archive_path_ready","4835945c1e34270ab8c5e01b6ea970239f99b2184085700c01634735d80ffe07","path_prepared_unvalidated","12_systems_neuroscience_summary","31131d89c21049fdae79b07a643cc931684054f27edd69c2cda6690ab696c707","d653a38e10ba76953a34985d547b72b70a3841d960314fe4e0a9260191599a1c","12 move: reads no 12 path (verified input inventory); its routing does not change when 12 moves. Independent review and adversarial verification 2026-09-25: path_ok_test_gap.","All writes, directory creation and deletion are under its fresh replay output root 'hmm_architecture_phasea_gapaware_contrasts' (test_historical_audit_replay_io_contract.R rule 1; verified review). Nothing is written under 12 or history/original_layout; run ids 'figures' and 'pipeline' are reserved.","","Seven archived paths reach 260-265 characters: one plotly stylesheet has an identical dashboard copy, and six historical HMM audit CSVs have no copy but are read by no code; queued audits write them only to fresh replay folders.","Maintainer approved moving 12_systems_neuroscience_summary on 2026-09-25 under the ArchivePath standard used for 03, after the path-length assessment. Path and writer review; not a scientific replay result."
"Testing/audits/audit_hmm_state_architecture_phaseA_partition_and_gap.R","archive_path_ready","d9b477ce46d201cb5924cc2459b7aba9abbfa81667c9ac8db694e08e1e0b5860","path_prepared_unvalidated","12_systems_neuroscience_summary","31131d89c21049fdae79b07a643cc931684054f27edd69c2cda6690ab696c707","d653a38e10ba76953a34985d547b72b70a3841d960314fe4e0a9260191599a1c","12 move: reads no 12 path (verified input inventory); its routing does not change when 12 moves. Independent review and adversarial verification 2026-09-25: path_ok_test_gap.","All writes, directory creation and deletion are under its fresh replay output root 'hmm_architecture_phasea_partition_and_gap' (test_historical_audit_replay_io_contract.R rule 1; verified review). Nothing is written under 12 or history/original_layout; run ids 'figures' and 'pipeline' are reserved.","","Seven archived paths reach 260-265 characters: one plotly stylesheet has an identical dashboard copy, and six historical HMM audit CSVs have no copy but are read by no code; queued audits write them only to fresh replay folders.","Maintainer approved moving 12_systems_neuroscience_summary on 2026-09-25 under the ArchivePath standard used for 03, after the path-length assessment. Path and writer review; not a scientific replay result."
"Testing/audits/audit_hmm_state_architecture_profile.R","archive_path_ready","feb76c2c62029606a37afbff1e333a6820a634236de0eaec6c310b8525ee7760","path_prepared_unvalidated","12_systems_neuroscience_summary","31131d89c21049fdae79b07a643cc931684054f27edd69c2cda6690ab696c707","d653a38e10ba76953a34985d547b72b70a3841d960314fe4e0a9260191599a1c","12 move: reads no 12 path (verified input inventory); its routing does not change when 12 moves. Independent review and adversarial verification 2026-09-25: path_ok_test_gap.","All writes, directory creation and deletion are under its fresh replay output root 'hmm_architecture_profile' (test_historical_audit_replay_io_contract.R rule 1; verified review). Nothing is written under 12 or history/original_layout; run ids 'figures' and 'pipeline' are reserved.","","Seven archived paths reach 260-265 characters: one plotly stylesheet has an identical dashboard copy, and six historical HMM audit CSVs have no copy but are read by no code; queued audits write them only to fresh replay folders.","Maintainer approved moving 12_systems_neuroscience_summary on 2026-09-25 under the ArchivePath standard used for 03, after the path-length assessment. Path and writer review; not a scientific replay result."
"Testing/audits/audit_hmm_state_architecture_provenance_addendum.R","archive_path_ready","d702755da68840c0782f99541e3915fa5171b04b443e7305c910942a4be721f6","path_prepared_unvalidated","12_systems_neuroscience_summary","31131d89c21049fdae79b07a643cc931684054f27edd69c2cda6690ab696c707","d653a38e10ba76953a34985d547b72b70a3841d960314fe4e0a9260191599a1c","12 move: reads no 12 path (verified input inventory); its routing does not change when 12 moves. Independent review and adversarial verification 2026-09-25: path_ok_test_gap.","All writes, directory creation and deletion are under its fresh replay output root 'hmm_architecture_provenance_addendum' (test_historical_audit_replay_io_contract.R rule 1; verified review). Nothing is written under 12 or history/original_layout; run ids 'figures' and 'pipeline' are reserved.","","Seven archived paths reach 260-265 characters: one plotly stylesheet has an identical dashboard copy, and six historical HMM audit CSVs have no copy but are read by no code; queued audits write them only to fresh replay folders.","Maintainer approved moving 12_systems_neuroscience_summary on 2026-09-25 under the ArchivePath standard used for 03, after the path-length assessment. Path and writer review; not a scientific replay result."
"Testing/audits/audit_hmm_state_architecture_provenance.R","archive_path_ready","9c9a6b7bab31a8d69adaf58708d5f10c7e441e200792321fc96a36e81aa39fc2","path_prepared_unvalidated","12_systems_neuroscience_summary","31131d89c21049fdae79b07a643cc931684054f27edd69c2cda6690ab696c707","d653a38e10ba76953a34985d547b72b70a3841d960314fe4e0a9260191599a1c","12 move: reads no 12 path (verified input inventory); its routing does not change when 12 moves. Independent review and adversarial verification 2026-09-25: path_ok_test_gap.","All writes, directory creation and deletion are under its fresh replay output root 'hmm_architecture_provenance' (test_historical_audit_replay_io_contract.R rule 1; verified review). Nothing is written under 12 or history/original_layout; run ids 'figures' and 'pipeline' are reserved.","","Seven archived paths reach 260-265 characters: one plotly stylesheet has an identical dashboard copy, and six historical HMM audit CSVs have no copy but are read by no code; queued audits write them only to fresh replay folders.","Maintainer approved moving 12_systems_neuroscience_summary on 2026-09-25 under the ArchivePath standard used for 03, after the path-length assessment. Path and writer review; not a scientific replay result."
"Testing/audits/audit_hmm_state_architecture_qc_sensitivity.R","archive_path_ready","59cbbcffb5941e35f36c43c9bfa4344093d3c3343505e1519d5b26599d5c00ae","path_prepared_unvalidated","12_systems_neuroscience_summary","31131d89c21049fdae79b07a643cc931684054f27edd69c2cda6690ab696c707","d653a38e10ba76953a34985d547b72b70a3841d960314fe4e0a9260191599a1c","12 move: 2 retained 12 read(s) through mmm_behavior_numbered_source_root('12_systems_neuroscience_summary') (lines 10-11 -> project_paths.R:295-309, 217-291 | 15-16). With an activated receipt this resolves history/original_layout/12_systems_neuroscience_summary, and it stops while the receipt is transferring. No read is among the archived paths of 260 or more characters. Independent review and adversarial verification 2026-09-25: path_ok_test_gap.","All writes, directory creation and deletion are under its fresh replay output root 'hmm_architecture_qc_sensitivity' (test_historical_audit_replay_io_contract.R rule 1; verified review). Nothing is written under 12 or history/original_layout; run ids 'figures' and 'pipeline' are reserved.","","Seven archived paths reach 260-265 characters: one plotly stylesheet has an identical dashboard copy, and six historical HMM audit CSVs have no copy but are read by no code; queued audits write them only to fresh replay folders.","Maintainer approved moving 12_systems_neuroscience_summary on 2026-09-25 under the ArchivePath standard used for 03, after the path-length assessment. Path and writer review; not a scientific replay result."
"Testing/audits/audit_hmm_state_architecture_redundancy.R","archive_path_ready","6095a00e3d7831701fb3b7c87d9ec9305fd3e1c41257d79b4e47cbcaceb0dc47","path_prepared_unvalidated","12_systems_neuroscience_summary","31131d89c21049fdae79b07a643cc931684054f27edd69c2cda6690ab696c707","d653a38e10ba76953a34985d547b72b70a3841d960314fe4e0a9260191599a1c","12 move: reads no 12 path (verified input inventory); its routing does not change when 12 moves. Independent review and adversarial verification 2026-09-25: path_ok_test_gap.","All writes, directory creation and deletion are under its fresh replay output root 'hmm_architecture_redundancy' (test_historical_audit_replay_io_contract.R rule 1; verified review). Nothing is written under 12 or history/original_layout; run ids 'figures' and 'pipeline' are reserved.","","Seven archived paths reach 260-265 characters: one plotly stylesheet has an identical dashboard copy, and six historical HMM audit CSVs have no copy but are read by no code; queued audits write them only to fresh replay folders.","Maintainer approved moving 12_systems_neuroscience_summary on 2026-09-25 under the ArchivePath standard used for 03, after the path-length assessment. Path and writer review; not a scientific replay result."
"Testing/audits/audit_hmm_state_architecture_semantic_erasure.R","archive_path_ready","5f8708768e28500351239d002e05ce48a2e46d2dfbb11ff69fb34a74f7d0bab1","path_prepared_unvalidated","12_systems_neuroscience_summary","31131d89c21049fdae79b07a643cc931684054f27edd69c2cda6690ab696c707","d653a38e10ba76953a34985d547b72b70a3841d960314fe4e0a9260191599a1c","12 move: reads no 12 path (verified input inventory); its routing does not change when 12 moves. Independent review and adversarial verification 2026-09-25: path_ok_test_gap.","All writes, directory creation and deletion are under its fresh replay output root 'hmm_architecture_semantic_erasure' (test_historical_audit_replay_io_contract.R rule 1; verified review). Nothing is written under 12 or history/original_layout; run ids 'figures' and 'pipeline' are reserved.","","Seven archived paths reach 260-265 characters: one plotly stylesheet has an identical dashboard copy, and six historical HMM audit CSVs have no copy but are read by no code; queued audits write them only to fresh replay folders.","Maintainer approved moving 12_systems_neuroscience_summary on 2026-09-25 under the ArchivePath standard used for 03, after the path-length assessment. Path and writer review; not a scientific replay result."
"Testing/audits/audit_hmm_state_architecture_temporal_components.R","archive_path_ready","fc8bb5b51114bc0e4f0f073caa3aa72c1184605fa0d11b5f5c37648111eaefaf","path_prepared_unvalidated","12_systems_neuroscience_summary","31131d89c21049fdae79b07a643cc931684054f27edd69c2cda6690ab696c707","d653a38e10ba76953a34985d547b72b70a3841d960314fe4e0a9260191599a1c","12 move: reads no 12 path (verified input inventory); its routing does not change when 12 moves. Independent review and adversarial verification 2026-09-25: path_ok_test_gap.","All writes, directory creation and deletion are under its fresh replay output root 'hmm_architecture_temporal_components' (test_historical_audit_replay_io_contract.R rule 1; verified review). Nothing is written under 12 or history/original_layout; run ids 'figures' and 'pipeline' are reserved.","","Seven archived paths reach 260-265 characters: one plotly stylesheet has an identical dashboard copy, and six historical HMM audit CSVs have no copy but are read by no code; queued audits write them only to fresh replay folders.","Maintainer approved moving 12_systems_neuroscience_summary on 2026-09-25 under the ArchivePath standard used for 03, after the path-length assessment. Path and writer review; not a scientific replay result."
"Testing/audits/audit_phase_bug_impact.R","archive_path_ready","9427bface9b8ebda66628de33ede6f09078ebd03d52d893f23114ab7403f1767","path_prepared_unvalidated","12_systems_neuroscience_summary","31131d89c21049fdae79b07a643cc931684054f27edd69c2cda6690ab696c707","d653a38e10ba76953a34985d547b72b70a3841d960314fe4e0a9260191599a1c","12 move: reads no 12 path (verified input inventory); its routing does not change when 12 moves. Independent review and adversarial verification 2026-09-25: path_ok_test_gap.","All writes, directory creation and deletion are under its fresh replay output root 'phase_bug_impact' (test_historical_audit_replay_io_contract.R rule 1; verified review). Nothing is written under 12 or history/original_layout; run ids 'figures' and 'pipeline' are reserved.","","Seven archived paths reach 260-265 characters: one plotly stylesheet has an identical dashboard copy, and six historical HMM audit CSVs have no copy but are read by no code; queued audits write them only to fresh replay folders.","Maintainer approved moving 12_systems_neuroscience_summary on 2026-09-25 under the ArchivePath standard used for 03, after the path-length assessment. Path and writer review; not a scientific replay result."
"Testing/audits/audit_rfid_legacy_vs_new_domains.R","archive_path_ready","248dee9916e527685742879475413762d837d2c587acb67a8f0fc91fc84bf7e2","path_prepared_unvalidated","12_systems_neuroscience_summary","31131d89c21049fdae79b07a643cc931684054f27edd69c2cda6690ab696c707","d653a38e10ba76953a34985d547b72b70a3841d960314fe4e0a9260191599a1c","12 move: reads no 12 path (verified input inventory); its routing does not change when 12 moves. Independent review and adversarial verification 2026-09-25: path_ok_test_gap.","All writes, directory creation and deletion are under its fresh replay output root 'rfid_legacy_vs_new_domains' (test_historical_audit_replay_io_contract.R rule 1; verified review). Nothing is written under 12 or history/original_layout; run ids 'figures' and 'pipeline' are reserved.","","Seven archived paths reach 260-265 characters: one plotly stylesheet has an identical dashboard copy, and six historical HMM audit CSVs have no copy but are read by no code; queued audits write them only to fresh replay folders.","Maintainer approved moving 12_systems_neuroscience_summary on 2026-09-25 under the ArchivePath standard used for 03, after the path-length assessment. Path and writer review; not a scientific replay result."
"Testing/audits/audit_stage09_stale_artifacts.R","archive_path_ready","621a0d95e09ca630d9792bb93ff78a2af9863165569167728927022dbba8cd77","path_prepared_unvalidated","12_systems_neuroscience_summary","31131d89c21049fdae79b07a643cc931684054f27edd69c2cda6690ab696c707","d653a38e10ba76953a34985d547b72b70a3841d960314fe4e0a9260191599a1c","12 move: reads no 12 path (verified input inventory); its routing does not change when 12 moves. Independent review and adversarial verification 2026-09-25: path_gap.","All writes, directory creation and deletion are under its fresh replay output root 'stage09_stale_artifacts' (test_historical_audit_replay_io_contract.R rule 1; verified review). Nothing is written under 12 or history/original_layout; run ids 'figures' and 'pipeline' are reserved.","","Seven archived paths reach 260-265 characters: one plotly stylesheet has an identical dashboard copy, and six historical HMM audit CSVs have no copy but are read by no code; queued audits write them only to fresh replay folders.","Maintainer approved moving 12_systems_neuroscience_summary on 2026-09-25 under the ArchivePath standard used for 03, after the path-length assessment. Path and writer review; not a scientific replay result."
"Testing/audits/audit_stage10_semantic_discovery_parity.R","archive_path_ready","a5acc15a793596e5a712ec3cf925e272e73407b91ed1253cf9090fd689528352","live_numbered_only_checked","12_systems_neuroscience_summary","31131d89c21049fdae79b07a643cc931684054f27edd69c2cda6690ab696c707","d653a38e10ba76953a34985d547b72b70a3841d960314fe4e0a9260191599a1c","12 move: reads no 12 path (verified input inventory); its routing does not change when 12 moves. Independent review and adversarial verification 2026-09-25: path_gap.","Console output only: the I/O contract test finds no file write, directory creation or deletion.","","Seven archived paths reach 260-265 characters: one plotly stylesheet has an identical dashboard copy, and six historical HMM audit CSVs have no copy but are read by no code; queued audits write them only to fresh replay folders.","Maintainer approved moving 12_systems_neuroscience_summary on 2026-09-25 under the ArchivePath standard used for 03, after the path-length assessment. Path and writer review; not a scientific replay result."
"Testing/audits/compare_identity_correction_before_after.R","archive_path_ready","70bcab5b767458de3a6cc57b07ce6574243defc5606385cffed4c162cdc5bb56","path_prepared_unvalidated","12_systems_neuroscience_summary","31131d89c21049fdae79b07a643cc931684054f27edd69c2cda6690ab696c707","d653a38e10ba76953a34985d547b72b70a3841d960314fe4e0a9260191599a1c","12 move: reads no 12 path (verified input inventory); its routing does not change when 12 moves. Independent review and adversarial verification 2026-09-25: special_invocation.","All writes, directory creation and deletion are under its fresh replay output root 'identity_correction_before_after' (test_historical_audit_replay_io_contract.R rule 1; verified review). Nothing is written under 12 or history/original_layout; run ids 'figures' and 'pipeline' are reserved.","","Seven archived paths reach 260-265 characters: one plotly stylesheet has an identical dashboard copy, and six historical HMM audit CSVs have no copy but are read by no code; queued audits write them only to fresh replay folders.","Maintainer approved moving 12_systems_neuroscience_summary on 2026-09-25 under the ArchivePath standard used for 03, after the path-length assessment. Path and writer review; not a scientific replay result."
