path_under_cookiehab,bytes,existed_before,written_local,run,sha256
analysis_ready/03_derived_metrics/10min_based/all_behavior_metrics.csv,1519458,True,17:41:28,1,8aaf800c00c6331d0a23810f3f46ac4392e992cb1d6774c1ee799ed277acbdef
analysis_ready/03_derived_metrics/10min_based/tables/epoch_duration_qc.csv,8483,True,17:41:28,1,4b174c1f2af7c90b4715eb6aa524fc6f47496f42b32e03b879e1f0d628394818
analysis_ready/03_derived_metrics/10sec_based/all_behavior_metrics.csv,81949492,True,17:41:21,1,b69d61a666f7dc0df599c409ca9e58c789a679bb4995626d5b239eff66532efe
analysis_ready/03_derived_metrics/10sec_based/tables/epoch_duration_qc.csv,8768,True,17:41:21,1,99d838742e6feaa5b0ff6a8b04eed420b66839be9e02e3104c5fe3c602f932bc
analysis_ready/03_derived_metrics/1min_based/all_behavior_metrics.csv,14170236,True,17:41:26,1,1769fcf744fc9958ae915f3dd20f85bbcbd89a840fd781ae56a8ad2639417015
analysis_ready/03_derived_metrics/1min_based/tables/epoch_duration_qc.csv,8597,True,17:41:26,1,4d508b6a3b9e1e3a1e0c1ee742606432248da7ce2af102b66515d341bf93fb9d
analysis_ready/03_derived_metrics/30min_based/all_behavior_metrics.csv,528597,True,17:41:28,1,7d8d5b7621426326f7a4963fb2c13c891ea28a7f1d2e2ff3ab4fbd9a2a737f56
analysis_ready/03_derived_metrics/30min_based/tables/epoch_duration_qc.csv,8464,True,17:41:29,1,8fc17d80a8d6d64a910cd66c7048a72d190c39ba87cac54dc781087fd38a2d4a
analysis_ready/03_derived_metrics/5min_based/all_behavior_metrics.csv,2969938,True,17:41:27,1,1d633d3b31d4c133116445b84ea5292666b5368935c385cf3decc55293e68d47
analysis_ready/03_derived_metrics/5min_based/tables/epoch_duration_qc.csv,8502,True,17:41:27,1,860576764285026322c9797dc0b6d80c773d399e6100b9849c9d9f99c3b3fcd0
analysis_ready/03_derived_metrics/cookiehab_primary_I2_17_18/10min/all_behavior_metrics_cookiehab_I2_17_18_10min.csv,44675,True,17:41:29,1,ac310ede33e95d4e7127d3e0b340865f8c729f1816f81a170916ecb80561f7a2
analysis_ready/03_derived_metrics/cookiehab_primary_I2_17_18/10min/cookiehab_primary_I2_17_18_batch_system_group_sex_counts_10min.csv,241,True,17:41:29,1,413094d018e17c792f339af5c9e267aa799d7ea6a03ec19a679e449b470f96b7
analysis_ready/03_derived_metrics/cookiehab_primary_I2_17_18/10min/cookiehab_primary_I2_17_18_per_animal_coverage_qc_10min.csv,2833,True,17:41:29,1,1853b06aadce1cc7e47afcc0a4994e377335ad43756991a72962f56420f5f2ea
analysis_ready/03_derived_metrics/cookiehab_primary_I2_17_18/10min/cookiehab_primary_I2_17_18_summary_qc_10min.csv,159,True,17:41:29,1,4cb16010e6ff3a6833b7813a80cd58957b1bf472255fc0558f40f42b42157765
analysis_ready/03_derived_metrics/cookiehab_primary_I2_17_18/5min/all_behavior_metrics_cookiehab_I2_17_18_5min.csv,85134,True,17:41:29,1,6db23865ee9b40569cbb91423c1d9750be50a345127cc6bc7ccaaf456dd58856
analysis_ready/03_derived_metrics/cookiehab_primary_I2_17_18/5min/cookiehab_primary_I2_17_18_batch_system_group_sex_counts_5min.csv,235,True,17:41:29,1,97ddfbfa36922e4c985633fb905720db20e3c0c523c061ddfb050780e46d1f98
analysis_ready/03_derived_metrics/cookiehab_primary_I2_17_18/5min/cookiehab_primary_I2_17_18_per_animal_coverage_qc_5min.csv,2833,True,17:41:29,1,3d6e63b7d24be3492c80b9bdb4293147345c06b5a081b81583115c571fbc1841
analysis_ready/03_derived_metrics/cookiehab_primary_I2_17_18/5min/cookiehab_primary_I2_17_18_summary_qc_5min.csv,159,True,17:41:29,1,c87fa08fc1f55c04e392263b6bd83145f37521190b1c63aef27177a7b3687254
analysis_ready/03_derived_metrics/cookiehab_primary_I2_17_18/cookiehab_primary_I2_17_18_batch_system_group_sex_counts.csv,437,True,17:41:29,1,7a8ee5bdf0ff41fa6cb62f9802e5444177a4f4ddc718bc934f8eb50f3f31c56e
analysis_ready/03_derived_metrics/cookiehab_primary_I2_17_18/cookiehab_primary_I2_17_18_per_animal_coverage_qc.csv,5562,True,17:41:29,1,b5533e6c4ecbc48c8cdbdf1b81bc485d2f728a4f8bff34cc38ab7d50bf3fe373
analysis_ready/03_derived_metrics/cookiehab_primary_I2_17_18/cookiehab_primary_I2_17_18_scale_note.csv,299,True,17:41:29,1,66bcf067ffe64eb356e7ac014ca1659748e2a570b2d5a4ef2709ee3d36ff2de2
analysis_ready/03_derived_metrics/cookiehab_primary_I2_17_18/cookiehab_primary_I2_17_18_summary_qc.csv,222,True,17:41:29,1,b7e9f4b13babb2db8c097f0f866a16dcf2fe5e9e28f974937fb3a259c8c111fb
analysis_ready/03_derived_metrics/figures/exploratory/README.txt,330,True,17:41:30,1,7c55015964e5c3d731055c51390e0cce86dc97a263317edcab388117e11eda54
analysis_ready/03_derived_metrics/figures/interactive/README.txt,330,True,17:41:30,1,04a93a9db626de7962d449170c58971355320ac8caedf223705da54c56ce935b
analysis_ready/03_derived_metrics/figures/publication_panels/README.txt,337,True,17:41:30,1,286c6049c438a35fa640b7aebc024153bbbbe1f1a4bbe837fd8b226708ff37cf
analysis_ready/03_derived_metrics/figures/qc/README.txt,321,True,17:41:30,1,fcc7347cfbb2d92ffff45d2d214694895194bd3da990013d0d8e3d556a6ef029
analysis_ready/03_derived_metrics/figures/supplementary/README.txt,332,True,17:41:30,1,72409480a7f9877bca1f93d2796bfdde2cf350a81c01a1dd3acfbcd060f10849
analysis_ready/03_derived_metrics/manifest/input_output_manifest.csv,306,True,17:42:27,2 (killed),9179fadd863e5a75f982b382eecd128a350f0a9d7dd0362fb3ea82aa1b401023
analysis_ready/03_derived_metrics/manifest/output_manifest.csv,1261,True,17:42:27,2 (killed),34efa0360b062a5e01bb7f5c0c3f212ebe1e2497925874a9d8da9d888f87a43e
analysis_ready/03_derived_metrics/output_manifest.csv,1261,True,17:42:27,2 (killed),34efa0360b062a5e01bb7f5c0c3f212ebe1e2497925874a9d8da9d888f87a43e
analysis_ready/03_derived_metrics/phase_based/all_behavior_metrics.csv,20044,True,17:41:29,1,7c2b34b214c1eac76b258bff0cda8fa432f5118f3efabcb86380d6c052904434
analysis_ready/03_derived_metrics/phase_based/tables/epoch_duration_qc.csv,8122,True,17:41:29,1,1437db076993367c487764857a1de8f696771e7376237e6c5228de7f6aa2e2a1
analysis_ready/03_derived_metrics/qc/animal_group_sex_assignment_qc.csv,914,True,17:42:29,2 (killed),25b49f1e8ba2e0c03a396e79704e755f5817cb50564e0ccdbb44e4e59626bca7
analysis_ready/03_derived_metrics/qc/genuine_position_event_counts.csv,2936,False,17:41:30,1,3fd1696443639ac88604b585c64249f353e550f2620e6cefca0aa18931c746d0
analysis_ready/03_derived_metrics/qc/group_sex_assignment_summary.csv,80,True,17:42:29,2 (killed),344376576d7dbb8639c1d4c5edd682576737ba9fb5c5bf9775ad9eeefc8490f0
analysis_ready/03_derived_metrics/qc/movement_event_gap_provenance.csv,125,False,17:41:29,1,208da16ad603a81a38be53bce9945ca5be29dc69174a1cae465c0265586ab7ce
analysis_ready/03_derived_metrics/qc/movement_gap_rule_retirement_audit.csv,217,False,17:41:30,1,6591f6d396543cf512b473821851b398a16c010881c5f79cc8120f4872ca8448
analysis_ready/03_derived_metrics/qc/multiscale_behavior_metrics_qc.csv,578,True,17:41:29,1,8d9754aa9ca46ff992d56ef686fc28361b2aaf3b3d77d28ec8824f425286bba6
analysis_ready/03_derived_metrics/qc/phase_boundary_epoch_inclusion_audit.csv,250,False,17:41:29,1,12f772512b5940264763090f458a461870ad3aec5d592dec0a23b505213aa517
analysis_ready/03_derived_metrics/qc/reference_ids_not_found_in_preprocessed_data.csv,534,True,17:42:29,2 (killed),aa3252701927c629363ec6316b5b48e289a38c71de66194d66ff26982fff84c7
analysis_ready/03_derived_metrics/tables/output_figure_inventory.csv,78,True,17:41:30,1,c24480f8916b209fb4de1eb9188e3584cc5f0488a474be0d99e8e6ea5be1842f
analysis_ready/03_derived_metrics/tables/output_folder_summary.csv,382,True,17:41:30,1,b25f6193d87a02b31cac6ed273314414bcf336c826e3f9dee8951bb51ed00ce2
analysis_ready/06_behavioral_dynamics/dyadic_contacts/figures/exploratory/README.txt,330,True,17:42:18,1,7c55015964e5c3d731055c51390e0cce86dc97a263317edcab388117e11eda54
analysis_ready/06_behavioral_dynamics/dyadic_contacts/figures/interactive/README.txt,330,True,17:42:18,1,04a93a9db626de7962d449170c58971355320ac8caedf223705da54c56ce935b
analysis_ready/06_behavioral_dynamics/dyadic_contacts/figures/publication_panels/README.txt,337,True,17:42:17,1,286c6049c438a35fa640b7aebc024153bbbbe1f1a4bbe837fd8b226708ff37cf
analysis_ready/06_behavioral_dynamics/dyadic_contacts/figures/qc/README.txt,321,True,17:42:18,1,fcc7347cfbb2d92ffff45d2d214694895194bd3da990013d0d8e3d556a6ef029
analysis_ready/06_behavioral_dynamics/dyadic_contacts/figures/supplementary/README.txt,332,True,17:42:18,1,72409480a7f9877bca1f93d2796bfdde2cf350a81c01a1dd3acfbcd060f10849
analysis_ready/06_behavioral_dynamics/dyadic_contacts/manifest/input_output_manifest.csv,321,True,17:41:32,1,9f3be4c335897470ea9adc07ff9da70247f5c7d560fa9400415610a9b5353597
analysis_ready/06_behavioral_dynamics/dyadic_contacts/manifest/output_manifest.csv,856,True,17:41:32,1,d23501c8adb75b19f117cc5c95e92e149b46139baa2ff7dc817cbc78d46670f9
analysis_ready/06_behavioral_dynamics/dyadic_contacts/output_manifest.csv,856,True,17:41:32,1,d23501c8adb75b19f117cc5c95e92e149b46139baa2ff7dc817cbc78d46670f9
analysis_ready/06_behavioral_dynamics/dyadic_contacts/tables/dyadic_contact_qc_by_file.csv,926,True,17:41:34,1,df25556b76f40dda5b535ec67e3e4946ebc18664a2ac2fdecdfda155b509ddf1
analysis_ready/06_behavioral_dynamics/dyadic_contacts/tables/dyadic_contacts_by_bin.csv,1828613,True,17:42:17,1,d629267788cb82e265f11b41adf482a88b9bb086a4c8b8b587a75abedb7f56ce
analysis_ready/06_behavioral_dynamics/dyadic_contacts/tables/dyadic_contacts_interval_level.csv,25004287,True,17:42:16,1,73f1c34b72f413f357e9b872684fe898bb5d8ba73377b520f0c1c96b5096050a
analysis_ready/06_behavioral_dynamics/dyadic_contacts/tables/dyadic_network_ready.csv,1406545,True,17:42:17,1,d9215ec286cf4f6146598eb23faae83c9447dca1768b837edc078b4011b31b45
analysis_ready/06_behavioral_dynamics/dyadic_contacts/tables/epoch_duration_qc.csv,6293,True,17:42:16,1,1853ab5a64a497d760ebeb7a8ced1f4529ad11ca834144c7f786cb99abb44583
analysis_ready/06_behavioral_dynamics/dyadic_contacts/tables/output_figure_inventory.csv,78,True,17:42:17,1,c24480f8916b209fb4de1eb9188e3584cc5f0488a474be0d99e8e6ea5be1842f
analysis_ready/06_behavioral_dynamics/dyadic_contacts/tables/output_folder_summary.csv,382,True,17:42:17,1,b25f6193d87a02b31cac6ed273314414bcf336c826e3f9dee8951bb51ed00ce2
analysis_ready/06_behavioral_dynamics/dyadic_contacts/tables/phase_boundary_and_gap_rule_audit.csv,300,False,17:42:13,1,32b8a6e8c7d1d20e3a14b202d4b305b82a621405419fe9490ced3dc3c10e8591
preprocessed_data/E9_SIS_B6_EPMaftercagechange_AnimalPos_cookiehab_preprocessed.csv,3645554,True,17:42:24,2 (killed),c5bd3adabc3b2f961132c1fd269bb855afc54ed425263b35c4d747a9b8fb89a5
qc/cookiehab_animal_system_qc.csv,2570,True,17:42:24,2 (killed),fd3a7884818ed8fbc302eb284bd3d83d652a51c73794dff00a441bc682153d5f
qc/cookiehab_phase_window_qc.csv,13277,True,17:42:24,2 (killed),d1ad9bb70010e8c3022cef5b1135e78eae20ce0f76d6db901c529b47f8eb234b
qc/cookiehab_preprocessing_file_manifest.csv,587,True,17:42:24,2 (killed),2044479d160453cb297c0d390d5ab359bcb1e1920d4d1455758bf827d9e2daf5
qc/cookiehab_primary_window_coverage_qc.csv,2683,True,17:42:24,2 (killed),ce981f674fdc7d6782f590d7444e317cfe76116b113c2d6f799382b48e1a3ad3
