analysis_id,manuscript_role,figure_or_supplement,panel,claim,source_stage,source_script,source_artifact,population,temporal_scope,primary_resolution,sensitivity_resolution,model,contrast_or_endpoint,multiplicity_family,effect_size,primary_secondary_exploratory,prospective_or_descriptive,res_sus_outcome_derived,current_status,remaining_caveat,publication_ready,code_git_sha,notes
S09_ASSOC_MOVEMENT_MEAN,PRIMARY,Main Figure 1,primary_feature_associations,Mean movement during the first active 12 h after the first cage change is negatively associated with later CombZ.,09,Analysis/09_early_prediction_model_ladder.R,analysis_ready/pipeline/09_early_prediction/10min/tables/primary_movement_entropyacf1_associations.csv,All animals with a resolvable first-night window and a CombZ endpoint (n=111),"First Active phase block after first cage change; fixed clock window 18:30-06:30, 12 h",10min,5min - AVAILABLE. rho -0.3896 vs -0.3903 at 10 min; BH-supported at both.,Spearman rank correlation with bootstrap CI,Movement_mean vs CombZ,Three canonical primary feature associations (BH),"rho = -0.3902639; 95pct CI [-0.5474, -0.2092]; p_raw = 2.293e-05; q = 6.878e-05",primary,prospective,yes - Group is endpoint-derived from CombZ and is excluded from all canonical primary models,FDR-supported; bootstrap CI excludes zero,"Association, not causation. CombZ is a downstream composite; RES/SUS labels derive from it.",yes,b17b2989531d6d7271f0e769c621df4309c88d99,Stage 16 validation check canonical_feature_registry PASS: exactly three canonical features in required order.
S09_ASSOC_MOVEMENT_RMSSD,PRIMARY,Main Figure 1,primary_feature_associations,Movement RMSSD over the same window is negatively associated with later CombZ.,09,Analysis/09_early_prediction_model_ladder.R,analysis_ready/pipeline/09_early_prediction/10min/tables/primary_movement_entropyacf1_associations.csv,n=111,First active 12 h after first cage change,10min,"5min - AVAILABLE. rho -0.3020 vs -0.2255 at 10 min; BH-supported at both. Lag-1-bin statistic, so the 5-min value measures a 5-min lag.",Spearman rank correlation with bootstrap CI,Movement_rmssd vs CombZ,Three canonical primary feature associations (BH),"rho = -0.2255265; 95pct CI [-0.4066, -0.0224]; p_raw = 0.017316; q = 0.025975",primary,prospective,yes,FDR-supported; bootstrap CI excludes zero,Supporting association only; not demonstrated as an independent predictive contributor.,yes,b17b2989531d6d7271f0e769c621df4309c88d99,Must not be described as an independent predictor.
S09_ASSOC_ENTROPY_ACF1,PRIMARY,Main Figure 1,primary_feature_associations,Entropy persistence (ACF1) over the same window is associated with later CombZ.,09,Analysis/09_early_prediction_model_ladder.R,analysis_ready/pipeline/09_early_prediction/10min/tables/primary_movement_entropyacf1_associations.csv,n=111,First active 12 h after first cage change,10min,"5min - AVAILABLE. rho -0.3141 vs -0.1747 at 10 min; BH-supported at 5 min (q=0.0012) but NOT at 10 min (q=0.0667). Lag-1-bin statistic, so this is not the same construct.",Spearman rank correlation with bootstrap CI,Entropy_acf1 vs CombZ,Three canonical primary feature associations (BH),"rho = -0.1747104; 95pct CI [-0.3510, 0.0168]; p_raw = 0.066656; q = 0.066656",primary,prospective,yes,NOT BH-supported; bootstrap CI includes zero,"Must be reported with the qualified wording at the PRIMARY resolution. Any claim that Entropy_acf1 is significant in the primary analysis is false. The 5-min sensitivity IS BH-supported, but Entropy_acf1 is a lag-1-BIN statistic, so the 5-min version measures entropy persistence at a 5-min lag rather than the 10-min lag of the primary. That is a different quantity, not a better-powered estimate of the same one, and it must NOT be used to promote the primary result.",yes as a qualified negative/inconclusive result; NOT as a positive finding,b17b2989531d6d7271f0e769c621df4309c88d99,Stage 16 validation check entropy_wording PASS enforces the required qualified wording.
S09_PRED_MOVEMENT_MEAN,PRIMARY,Main Figure 1,primary_prediction_cv / heldout_prediction,A fixed a priori behaviour-only model using mean movement predicts later CombZ out of sample.,09,Analysis/09_early_prediction_model_ladder.R,analysis_ready/pipeline/09_early_prediction/10min/tables/primary_prediction_performance.csv; primary_prediction_permutation_test.csv; primary_prediction_predictions.csv,n=111,First active 12 h after first cage change,10min,"5min - AVAILABLE and completed. Same fixed window, feature family, model registry and resampling contract; reported as supplementary evidence in Stage 16. See analysis_ready/pipeline/09_early_prediction/5min/ and its audit/stage09_resolution_sensitivity_comparison.csv.",Fixed a priori behaviour-only model registry; LOAO and repeated grouped 5-fold CV,CombZ ~ Movement_mean,Model-specific full-refit outcome permutation,"LOAO out-of-sample R2 = 0.1593946 vs training-fold mean; repeated 5-fold CV mean R2 = 0.1558227 [0.1159, 0.1790]; permutation p = 1/1001",primary,prospective,yes - Group excluded from the model,Headline prospective prediction; permutation-supported,"Internal validation only, not external validation. Prospective association/prediction, not causal inference. Resolution sensitivity now RESOLVED: LOAO R2 0.1594 at 10 min vs 0.1600 at 5 min (delta 0.0006), permutation p = 1/1001 at both. Movement_mean is lag-free and therefore directly comparable across resolutions.",yes,b17b2989531d6d7271f0e769c621df4309c88d99,"Stage 16 checks movement_mean_headline PASS, permutation_display PASS (exact 1/1001 retained), group_excluded_primary_prediction PASS."
S09_PRED_FIXED_3FEATURE,PRIMARY,Main Figure 1,primary_prediction_cv / heldout_prediction,The fixed three-feature behaviour-only model predicts later CombZ out of sample.,09,Analysis/09_early_prediction_model_ladder.R,analysis_ready/pipeline/09_early_prediction/10min/tables/primary_prediction_performance.csv; primary_prediction_model_registry.csv,n=111,First active 12 h after first cage change,10min,"5min - AVAILABLE and completed. Same fixed window, feature family, model registry and resampling contract; reported as supplementary evidence in Stage 16. See analysis_ready/pipeline/09_early_prediction/5min/ and its audit/stage09_resolution_sensitivity_comparison.csv.",Fixed a priori model: Movement_mean + Movement_rmssd + Entropy_acf1,CombZ ~ Movement_mean + Movement_rmssd + Entropy_acf1,Model-specific full-refit outcome permutation,"LOAO out-of-sample R2 = 0.1524453; repeated 5-fold CV mean R2 = 0.1479031 [0.1028, 0.1800]; permutation p = 1/1001",primary,prospective,yes,Permutation-supported but does NOT improve on Movement_mean alone (0.1524 vs 0.1594),No model-comparison significance test was performed. Must not be described as an improvement over the movement-only model. Resolution sensitivity RESOLVED: LOAO R2 0.1524 at 10 min vs 0.1717 at 5 min. Note the 5-min model is NOT the same construct - it contains two lag-1-bin features whose lag halves with the bin width - so the gain must not be read as the 10-min model performing better than reported.,yes as a supporting model,b17b2989531d6d7271f0e769c621df4309c88d99,Sex-adjusted variants exist as sensitivities (R2 0.1524 and 0.1423) with no permutation test specified.
S09_SEX_INTERACTIONS,SUPPLEMENTARY,Supplementary,feature-by-Sex interaction table,The three canonical feature-CombZ associations do not differ by sex.,09,Analysis/09_early_prediction_model_ladder.R,analysis_ready/pipeline/09_early_prediction/10min/tables/primary_feature_sex_interactions.csv,n=111,First active 12 h after first cage change,10min,n/a,CombZ ~ feature * Sex,Feature-by-Sex interaction coefficient,Three canonical primary feature-by-Sex interaction tests (BH),All three q = 0.8951970 (Movement_mean -0.0148; Movement_rmssd 0.0519; Entropy_acf1 0.9941),secondary,prospective,yes,No evidence that any association differed by sex,"Absence of evidence, not evidence of absence; the study is not powered for interaction. Sex-stratified estimates are descriptive and are NOT interaction tests.",yes,b17b2989531d6d7271f0e769c621df4309c88d99,NA
S03_RAW_LONGITUDINAL_MOVEMENT,SECONDARY,Main Figure 1 / Supplementary,longitudinal_movement,Raw movement differs by group across cage changes and light/dark phase.,03,Analysis/03_primary_raw_movement_phase_stats.R,analysis_ready/pipeline/03_movement_phase_stats/10min/tables/raw_movement_animal_level_endpoints.csv and companion stats tables,1221 animal-level movement observations across cage change x phase cells,"Full longitudinal record, CC1-CC4, Active and Inactive phases",10min,n/a,Pairwise Wilcoxon (Holm within panel); secondary one-way LM; repeated-measures LMM,CON/RES/SUS pairwise within each cage change x phase cell,Holm within each prespecified three-contrast panel; no global family exported (export_global_family_corrections = FALSE),"214 supplementary result rows: 66 pairwise Wilcoxon, 66 group summaries, 40 descriptive movement-CombZ associations, 22 one-way LM, 14 repeated-measures LMM, 6 sex-stratified",secondary,descriptive,"yes - groups are endpoint-derived, so this is phenotype characterization and not independent validation",Canonical and exported; secondary phenotype/group characterization,Descriptive. Does not replace the Stage 09 prospective analysis. No wider global family-wise correction is claimed.,yes as secondary characterization,b17b2989531d6d7271f0e769c621df4309c88d99,Stage 16 movement_source_availability PASS (1221 observations).
FIRSTNIGHT_5DOMAIN_PANEL,SECONDARY,Main Figure / Supplementary,first-night five-domain heatmap,Multiscale behavioural domains during the first night after the first cage change differ by group within sex.,14,Functions/first_night_domain_driver.R via Analysis/14_systems_neuroscience_summary_dashboard.R,analysis_ready/12_systems_neuroscience_summary/5min_based/first_night/10min_based/first_night_group_contrasts.csv,n=111 animals; 111 with a complete 72-slot window after the 2026-09-22 leading-bin fix. CORRECTED 2026-09-23: the earlier '50 with a complete window' is stale.,"First Active phase block after first cage change; fixed clock window 18:30-06:30, 12 h; expected 72 slots","10min (chosen to match canonical Stage 09, which owns the first-12-h question)",5min (produced by the same driver; Stage 14 global backbone stays 5min),"DomainScore ~ Group * Sex (stats::lm + emmeans), t-based 95pct CI on residual df","RES-CON, SUS-CON, SUS-RES within Sex, across 5 displayed domains",BH with explicitly declared n: FIRST_NIGHT__Female/Male__DISPLAYED_5x3 (n=15 each); interaction family DISPLAYED_5 (n=5); transparency sensitivity ALL_RAW_8x3 (n=24 each),"0 of 30 displayed cells FDR-supported; min q = 0.0893. Strongest cell: Female RES-CON, Behavioral volatility / fragmentation, Hedges g = -0.844, raw p = 0.00595, q = 0.0893. 6 cells nominally p<0.05. CORRECTED 2026-09-23: the earlier 'g = -1.0093, raw p = 0.001341, q = 0.020108' predated both the CombZ correction and the leading-bin rebuild.",secondary,descriptive,yes,Canonical LEGACY/SENSITIVITY panel; 0 of 30 cells FDR-supported. Superseded for primary characterisation by FIRSTNIGHT_4DOMAIN_CORE (Stage 28) and retained unchanged alongside it.,"Null panel: report as such, not as a multi-domain signature. Fits lm(~Group*Sex) with NO Batch and NO cage term, although cage ICCs are 0.06-0.45 and CON animals are cage-segregated at every cage change, so its standard errors are anticonservative. Flat 15-test family. Retained as the conservative legacy sensitivity.","yes as a characterization panel, reported with the single FDR-supported cell stated as such",b17b2989531d6d7271f0e769c621df4309c88d99,"Five displayed domains: volatility/fragmentation, flexibility/predictability, social spatial organization, active-phase adaptation/exploration, psychomotor activation. Three additional raw candidates are audit-only and never displayed. Phase rule is exact membership, not substring matching. SUPERSEDED FOR PRIMARY USE 2026-09-23 by FIRSTNIGHT_4DOMAIN_CORE; preserved unchanged as the legacy flat-family sensitivity."
HMM_ACTIVE_LONGITUDINAL_PERSISTENCE,SUPPLEMENTARY_CONDITIONAL,Supplementary,active-phase HMM persistence,Active-phase latent-state persistence is reduced in SUS relative to CON across the longitudinal record.,08/14,Analysis/08_hmm_behavioral_states_optional.R; Testing/audits/audit_step6_longitudinal_gapaware_robustness.R; Testing/audits/audit_hmm_cross_optimum_gapaware.R,analysis_ready/analyses/hmm_revalidation_runs/current_stage08_review_20260924/step6_longitudinal_gapaware_contrasts.csv; hmm_cross_optimum_gapaware_claim_verdicts.csv,n=111 (cell sizes 12-25 per contrast),"Longitudinal, Active phase, gap-aware sequence segmentation",10min,5min,Mixed model with animal random effect; animal-level Hedges g reported alongside,"SUS-CON and SUS-RES on mean_dwell_minutes, self_transition_probability, state_switch_rate, transition_entropy",No declared BH family; sign stability assessed across five seeded current-input fits at three printed likelihood levels,"SUS-CON sign-stable across five current-input fits: mean_dwell 0.519-0.741 (4/5 nominally significant), self_transition 0.458-0.642 (4/5), state_switch -0.642 to -0.458 (4/5), transition_entropy -0.694 to -0.472 (4/5)",exploratory,descriptive,yes,Current-input five-fit sign stability supports conditional active persistence interpretation; no multiplicity-adjusted finding,"Five seeded fits reached three printed log-likelihood levels, not five distinct optima; this is not an exhaustive search. HMM identifiability remains a caveat. Persistence metrics are related summaries, not four independent findings. The September 3 ranges are historical.",no - current-input audit has not been incorporated into manuscript or release products,b17b2989531d6d7271f0e769c621df4309c88d99,NA
HMM_INACTIVE_PHENOTYPE,NOT_PROMOTED,none,rest_state_architecture / active_inactive_systems (inactive rows),Inactive-phase latent-state architecture differs by group (rest/quiescence interpretation).,08/14,Analysis/08_hmm_behavioral_states_optional.R; Testing/audits/audit_inactive_phase_qc_redesign.R,analysis_ready/analyses/hmm_revalidation_runs/current_stage08_review_20260924/hmm_cross_optimum_gapaware_claim_verdicts.csv; analysis_ready/analyses/inactive_phase_qc_audit/inactive_qc_proposed_specification.csv,n=111,"Longitudinal, Inactive phase",10min,5min,Same as the active family,RES-CON and SUS-CON on the inactive persistence family,Not declared; sign stability assessed across five seeded current-input fits at three printed likelihood levels,All 10 inactive contrasts are sign-stable and nominally significant across five current-input fits (e.g. mean_dwell SUS-CON -1.145 to -0.933),exploratory,descriptive,yes,NOT PROMOTED pending measurement validity - statistically robust but not interpretable as biology,"Inactive-phase observed_fraction is confounded with genuine rest: median 0.149 vs 1.000 in Active, 95.7pct of inactive epochs below 0.50, and inactive domains correlate with mean movement at Spearman rho 0.64-0.87. hard_dropout_signature cannot distinguish chip loss from rest. The phase-aware inactive-QC redesign is SPECIFIED, NOT IMPLEMENTED; chip_loss_qc_mode remains annotate_only.",no,b17b2989531d6d7271f0e769c621df4309c88d99,DECISION REQUIRED: whether to implement the proposed A/B/C relative-read-density classification in production before submission.
HMM_OCCUPANCY_ENTROPY,EXCLUDED,none,occupancy entropy,Spatial/state occupancy entropy distinguishes groups (occupancy architecture phenotype).,08/14,Testing/audits/audit_hmm_cross_optimum_gapaware.R,analysis_ready/analyses/hmm_revalidation_runs/current_stage08_review_20260924/hmm_cross_optimum_gapaware_claim_verdicts.csv,n=111,"Longitudinal, Active phase",10min,5min,As the persistence family,Active occupancy_entropy SUS-RES,n/a,Current Active SUS-RES estimates range -0.380 to -0.258 across five seeded fits; all_same_sign = TRUE; 0 of 5 nominally significant,exploratory,descriptive,yes,EXCLUDED - current-input estimates have the same sign but 0/5 nominally significant fits; do not report as a finding,Sign stability alone does not support an occupancy-architecture phenotype. The older September 3 audit showed sign flips; the current-input run does not. Active SUS-CON is also nominally significant in 0/5 fits.,no,b17b2989531d6d7271f0e769c621df4309c88d99,NA
FIRSTNIGHT_HMM_PERSISTENCE,EXCLUDED,none,first-night dwell / persistence,First-night latent-state dwell time differs by group.,14,Testing/audits/audit_first_night_dwell_shipped_vs_refit.R; Testing/audits/audit_first_night_dwell_partition_stability.R,analysis_ready/12_systems_neuroscience_summary/5min_based/audit_hmm_state_architecture/first_night_domain_heatmap/first_night_dwell_shipped_vs_refit.csv; first_night_dwell_partition_stability_contrasts.csv,109 animals with a first-night dwell value,First active 12 h after first cage change,10min,5min,"HMM dwell extracted from the shipped fit, compared against a seed-7 refit",Animal-level dwell agreement; RES-CON/SUS-CON/SUS-RES within Sex,n/a,Shipped vs refit Spearman rho = 0.0154; mean dwell 32.06 vs 16.51 min (1.94x). Contrast estimates and nominal p-values are not stable across seeds.,exploratory,descriptive,yes,EXCLUDED - animal-level first-night dwell is essentially uncorrelated between fits,"Any claim that first-night HMM persistence is robust is unsupported. A 12 h window is too short to identify the state model stably. This is distinct from the longitudinal active persistence family, which IS cross-optimum stable.",no,b17b2989531d6d7271f0e769c621df4309c88d99,This is the single clearest instability in the repository and the strongest reason not to build a first-night latent-state claim.
S15_BEHAVIOR_PROTEOMICS,EXPLORATORY,Supplementary at most,behaviour-proteomics association,Behavioural latent axes are associated with proteomic module scores.,15,Analysis/15_behavior_proteomics_integration.R,analysis_ready/analyses/behavior_proteomics/proteomics_mnn_primary/tables/all_curated_behavior_proteomics_models.csv; behavior_proteomics_id_crosswalk.csv,Male neuron/neuropil subset only; n per model ranges 0-9,Behavioural features aggregated to animal level; proteomics at terminal timepoint,10min behavioural source (canonical Stage 09 migration),flagged-replicates-removed sensitivity subset,Spearman correlation between behavioural and proteomic latent axes,40 curated behaviour-axis x proteomic-axis pairs,BH within the curated model set (spearman_fdr),"0 of 40 models reach FDR < 0.05; all 40 are labelled ClaimType=associative, EvidenceUse=exploratory_effect_size_small_n, StableForMainText=FALSE",exploratory,descriptive,yes,EXPLORATORY - no result is main-text stable; n is too small,n = 0-9 per model. The script itself marks every model StableForMainText = FALSE. Keep separate from the behavioural source-data workbook.,no,b17b2989531d6d7271f0e769c621df4309c88d99,"Stage 15 was migrated to the canonical Stage 09 10-min source and canonical identity, with an explicit validated ID crosswalk."
S16_MANUSCRIPT_PACKAGE,INFRASTRUCTURE,Source Data,Behavioral_Source_Data.xlsx and CSV companions,The manuscript source-data package faithfully reproduces the canonical upstream results without refitting.,16,Analysis/16_manuscript_behavior_report.R,"analysis_ready/manuscript/behavior/ (Behavioral_Source_Data.xlsx, primary_results.csv, supplementary_results.csv, animal_level_source_data.csv, prediction_source_data.csv, movement_phase_source_data.csv, provenance.csv, validation.csv, manifest.csv)",n=111 animals; 222 held-out prediction rows; 1221 movement observations,Inherited from upstream stages,10min,n/a,None - export and assembly only,n/a,Inherited from upstream; not recomputed,16 of 16 validation checks PASS,primary infrastructure,n/a,n/a,Canonical; 16/16 validation PASS; 19 of 19 provenance artifacts verified against recorded SHA-256,Resolution and duration sensitivity for the primary model are explicitly recorded as unavailable rather than silently omitted.,yes,b17b2989531d6d7271f0e769c621df4309c88d99,protected_stage_hash_validation PASS: upstream SHA-256 values matched before and after assembly. stage10_stage14_primary_exclusion PASS: no Stage 10/14 claim is promoted.
S09_SENS_5MIN_RESOLUTION,SUPPLEMENTARY,Supplementary,Stage 09 resolution sensitivity,The primary prospective result is not an artifact of the 10-min bin width.,09,Analysis/09_early_prediction_model_ladder.R (MMM_STAGE09_BIN_LEVEL=5min_based),"analysis_ready/pipeline/09_early_prediction/5min/tables/{primary_movement_entropyacf1_associations,primary_prediction_performance,primary_prediction_permutation_test}.csv; 5min/audit/stage09_resolution_sensitivity_comparison.csv","n=111, the same animals and endpoint identity contract as the primary","Identical: first Active phase block after first cage change, 18:30-06:30, 12 h",10min (unchanged primary),5min (144 slots vs 72; identical 12 h clock window),"Identical fixed a priori registry and resampling contract (LOAO, 100x repeated grouped 5-fold CV, 1000 full-refit outcome permutations, seed 20260811, 5000 bootstrap)",Same three canonical features and same three models versus CombZ,"Same families, recomputed within the sensitivity; never pooled with the primary","Movement_mean rho -0.3903 -> -0.3896, LOAO R2 0.1594 -> 0.1600, permutation p 1/1001 at both; Movement_rmssd rho -0.2255 -> -0.3020; Entropy_acf1 rho -0.1747 -> -0.3141; 3-feature LOAO R2 0.1524 -> 0.1717; mean-only baseline identical at both",secondary,prospective,"yes - Group excluded from all models, as in the primary",COMPLETED. Direction stable for every feature and every model; the headline Movement_mean result is essentially unchanged.,"Movement_rmssd and Entropy_acf1 are lag-1-BIN statistics, so at 5 min they measure a 5-min lag rather than a 10-min lag: for those two features this is a partly different construct, not purely finer sampling. Movement_mean is lag-free and directly comparable. Entropy_acf1 becomes BH-supported at 5 min; this must NOT be used to reinterpret the primary. Movement is an extensive per-bin count, so its absolute scale halves; rank correlations are unaffected but coefficients and axes are not. Window completeness differs mechanically (50/111 animals complete at 10 min vs 33/111 at 5 min) because a finer grid resolves the same post-18:30 entry delay into more missing leading slots; interior and trailing gaps are zero at BOTH resolutions. CORRECTED 2026-09-23: the completeness figures quoted above (50/111 at 10 min vs 33/111 at 5 min) are PRE-leading-bin-fix. Completeness is now 111/111 at BOTH resolutions, and the count rule now agrees with the clock window for 111/111 animals at both.",yes as a supplementary resolution sensitivity,b17b2989531d6d7271f0e769c621df4309c88d99,Run with the identical script; only bin_level changed. The 10-min canonical tree was not re-run and all 86 of its files remain byte-identical. Stage 16 exports these as SUPPLEMENTARY rows (S09_SENS5MIN_*) and never into the primary registry; validation check resolution_sensitivity_status now reports Available.
FIRSTNIGHT_4DOMAIN_CORE,SECONDARY,Extended Data / Supplementary,first-night four-domain characterisation,"During the first night after the first cage change, four raw-RFID behavioural domains do not differ by later-outcome group within either sex once batch and cage dependence are modelled.",28,Analysis/28_rfid_behavioral_domains.R,analysis_ready/pipeline/28_rfid_behavioral_domains/10min/tables/first_night_domain_omnibus_primary.csv,"n=111 animals, all with complete 72-slot windows; proximity-dependent domains n=109 (OQ770 and OQ771 were singly housed at CC1, so ProximityFraction is structurally undefined and correctly NA)","CC1, first Active phase block, 18:30 inclusive to 06:30 exclusive, exactly 12 h",10min,"5min - a DIFFERENT temporal construct for the six rmssd/acf1 features (lag-in-bin), not a replication of the 10-min construct","lmerTest::lmer(DomainScore ~ Group + factor(Batch) + (1|CageEpochID)) within Sex; legacy-LM, Batch-LM and clubSandwich CR2 cluster-robust variants reported alongside","Group omnibus per domain; RES-CON, SUS-CON and SUS-RES exported with 95% CIs and Hedges g, gated on the parent omnibus","HIERARCHICAL: BH over exactly 4 domain omnibus Group tests per Sex, then Holm over the 3 pairwise contrasts WITHIN a supported domain; Group:Sex interaction family n=4",0 of 8 domain omnibus tests supported; min q = 0.516. Female Cross-channel volatility raw p 0.043 (legacy LM) -> 0.035 (batch-adjusted) -> 0.129 (cage RI) -> 0.329 (CR2),secondary,descriptive,"yes - RES/SUS are defined by LATER CombZ, so every contrast is characterisation, not prospective validation",COMPLETE. Interpretable null under cage-aware inference.,"CON animals are cage-segregated at every cage change, so RES-CON and SUS-CON are BETWEEN-CAGE contrasts resting on 6 control cages; SUS-RES is the only within-cage-identified contrast. Sex is perfectly nested in Batch, so no Sex MAIN effect is estimable or claimed. 14 of 24 pairwise contrasts change sign under leave-one-batch-out.","yes as a characterisation panel, reported as a null with the model ladder shown",pending,"Four CORE domains: Spatial entropy dynamics, Social-spatial organization, Cross-channel behavioral volatility, Movement output. The three composite formulas are IDENTICAL to the audited legacy ones; only the labels changed. The legacy fifth domain (Active-phase adaptation / exploration) is EXCLUDED on construct grounds - a single 12 h level/persistence composite does not operationally measure adaptation - and NOT on any p-value. Phenotype-blind construct audit: stop_for_review = FALSE, 0 between-domain redundancy flags at |rho| >= 0.85."
LONGITUDINAL_4DOMAIN_ADAPTATION,SECONDARY,Extended Data / Supplementary,CC1-CC4 acute-response trajectories,"Across four repeated cage changes the acute 12 h behavioural response changes markedly overall, but the trajectory does not differ by later-outcome group in either sex.",28,Analysis/28_rfid_behavioral_domains.R,analysis_ready/pipeline/28_rfid_behavioral_domains/10min/tables/longitudinal_trajectory_omnibus_primary.csv,"n=111 animals x 4 cage changes = 444 acute windows, all 72/72 slots complete; proximity-dependent domains 441",First Active 12 h block after EACH of CC1-CC4 under the identical clock rule; verified lag 0.00 h from session start for all 24 sessions,10min,"5min - a DIFFERENT temporal construct for the six rmssd/acf1 features (lag-in-bin), not a replication of the 10-min construct",lmerTest::lmer(DomainScore ~ Group*factor(CageChange) + factor(Batch) + (1|AnimalNum) + (1|CageEpochID)) within Sex,Joint Group x CageChange interaction per domain; predeclared change-from-CC1 follow-ups gated on the parent,BH over exactly 4 Group x CageChange tests per Sex; Group x Sex x CageChange family n=4,0 of 8 trajectory tests supported; min q = 0.823. Male Movement output raw p 0.0085 (animal-only) -> 0.343 (cage-adjusted),secondary,descriptive,"yes - RES/SUS are defined by LATER CombZ, so every contrast is characterisation, not prospective validation",COMPLETE. Strong shared CageChange main effect; no phenotype-specific trajectory.,"CON animals keep identical cage-mates across CC1-CC4 (Jaccard 1.000, 72/72 transitions) while RES and SUS are fully reshuffled, so any Group x CageChange effect confounds stress phenotype with repeated novel-social-group exposure. Cage variance dominates animal variance for the social-spatial domain.","yes as a characterisation panel, reported as a shared-adaptation null",pending,Adaptation is measured as CHANGE across repeated cage changes. Scaling is FIXED from the CC1 within-Sex distribution and applied unchanged to CC1-CC4; it is never re-estimated per cage change. CC1 scores reproduce the first-night scores exactly (contract test 16). A pooled-across-CC scaling sensitivity is also reported.
