"package","installed","version"
"broom","yes","1.0.13"
"broom.mixed","yes","0.2.9.7"
"clubSandwich","yes","0.7.0"
"cluster","yes","2.1.8.2"
"cowplot","yes","1.2.0"
"data.table","yes","1.18.2.1"
"depmixS4","yes","1.5-1"
"destiny","no",NA
"digest","yes","0.6.39"
"doParallel","yes","1.0.17"
"dplyr","yes","1.2.1"
"emmeans","yes","2.0.2"
"farver","yes","2.1.2"
"forcats","yes","1.0.1"
"foreach","yes","1.5.2"
"furrr","yes","0.4.0"
"future","yes","1.70.0"
"ggalluvial","yes","0.12.6"
"GGally","no",NA
"ggplot2","yes","4.0.2"
"ggpubr","yes","0.6.3"
"ggraph","yes","2.2.2"
"ggridges","yes","0.5.7"
"ggsignif","yes","0.6.4"
"glmmTMB","yes","1.1.14"
"glmnet","yes","4.1-10"
"gridExtra","yes","2.3"
"htmlwidgets","yes","1.6.4"
"igraph","yes","2.2.3"
"jsonlite","yes","2.0.0"
"kableExtra","no",NA
"knitr","yes","1.51"
"lme4","yes","2.0-1"
"lmerTest","yes","3.2-1"
"lubridate","yes","1.9.5"
"magrittr","yes","2.0.5"
"MASS","yes","7.3-65"
"mgcv","yes","1.9-4"
"mixOmics","yes","6.34.0"
"MuMIn","yes","1.48.19"
"nlme","yes","3.1-169"
"openxlsx","yes","4.2.8.1"
"pacman","yes","0.5.1"
"patchwork","yes","1.3.2"
"pbkrtest","yes","0.5.5"
"performance","yes","0.16.0"
"phateR","yes","1.0.7"
"pheatmap","yes","1.0.13"
"plotly","yes","4.12.0"
"plotrix","no",NA
"plyr","yes","1.8.9"
"pracma","yes","2.4.6"
"pROC","yes","1.19.0.1"
"purrr","yes","1.2.1"
"R.utils","yes","2.13.0"
"ragg","yes","1.5.2"
"randomForest","no",NA
"ranger","no",NA
"readr","yes","2.2.0"
"readxl","yes","1.4.5"
"reformulas","yes","0.4.4"
"renv","yes","1.3.0"
"reshape2","yes","1.4.5"
"reticulate","yes","1.46.0"
"rlang","yes","1.3.0"
"rmarkdown","yes","2.31"
"rstatix","yes","0.7.3"
"sandwich","yes","3.1-1"
"scales","yes","1.4.0"
"stringi","yes","1.8.7"
"stringr","yes","1.6.0"
"svglite","yes","2.2.2"
"tibble","yes","3.3.1"
"tidyr","yes","1.3.2"
"tidyverse","yes","2.0.0"
"uwot","yes","0.2.4"
"vegan","yes","2.7-5"
"writexl","yes","1.5.4"
"zoo","yes","1.8-15"
