HypothesisID,FamilyID,Module,Metric,Population,Window,Model,Estimand_test,Status,Multiplicity
H01,F32-A1-EXP,A,position-change rate,all 111,A1 of CC1,A-exp,"g_SIS (SIS − CON, sex-averaged), KR t",primary,"Holm, m = 2 (H01, H02)"
H02,F32-A1-EXP,A,social-spatial overlap,all 109 (non-NA),A1 of CC1,A-exp,"g_SIS, KR t",primary,"Holm, m = 2"
H03,F32-A1-CZ,A,position-change rate,SIS 87,A1 of CC1,A-cz,"CombZ_wb slope (sex-averaged), KR t",primary,"Holm, m = 2 (H03, H04)"
H04,F32-A1-CZ,A,social-spatial overlap,SIS 85,A1 of CC1,A-cz,"CombZ_wb slope, KR t",primary,"Holm, m = 2"
H05,F32-CC-EXP,B,position-change rate,all 111,A1 of CC1–CC4,B-exp,joint KR F(3) of g_SIS:(c2 + c3 + c4),primary,"Holm, m = 2 (H05, H06)"
H06,F32-CC-EXP,B,social-spatial overlap,all 111 (non-NA),A1 of CC1–CC4,B-exp,joint KR F(3),primary,"Holm, m = 2"
H07,F32-AD-EXP,C,position-change rate,all 111,A1–A4 CC1–CC3; A1–A2 CC4,C-exp,"g_SIS:phase, KR t",primary,"Holm, m = 2 (H07, H08)"
H08,F32-AD-EXP,C,social-spatial overlap,all 111 (non-NA),same,C-exp,"g_SIS:phase, KR t",primary,"Holm, m = 2"
H09,F32-AD-CZ,C,position-change rate,SIS 87,same,C-cz,"CombZ_wb:phase, KR t",primary,"Holm, m = 2 (H09, H10)"
H10,F32-AD-CZ,C,social-spatial overlap,SIS (non-NA),same,C-cz,"CombZ_wb:phase, KR t",primary,"Holm, m = 2"
H11,F32-PRED,F,movement_mean model,SIS 87,Stage 09 early window (A1 of CC1),F (A vs C),"ΔR²_LOCO, within-Batch permutation p",primary,"Holm, m = 2 (H11, H12)"
H12,F32-PRED,F,primary_behavior_family model,SIS 87,same,F (A vs C),"ΔR²_LOCO, within-Batch permutation p",primary,"Holm, m = 2"
H13,none,F,Movement_mean,SIS 87,same,H13,"Movement_mean:sex_c, CR2 t",secondary,"none (single, unadjusted; not a discovery claim)"
