"original_rel","bytes","sha256","status"
"03_primary_raw_movement_phase_stats/10min_based/figures/publication_panels/Thumbs.db","20480","D89EB0178120F0232407FC8FE8F259458D895DD8D14805104C889B36EBCFE22F","moved"
"14_nextgen_behavioral_phenotyping/5min_based/figures/first_cage_change_active_12h/Thumbs.db","14336","4D54CED74E926943BA1BDFF4D79DF009673067B1323B0F44537FA017B60D446F","moved"
"14_nextgen_behavioral_phenotyping/5min_based/figures/phase_sex_cage_change_trajectories/Thumbs.db","18944","5C5EFBF7EB4039706F9DBFA18D074E0FF8BD63299DC03E350C7606F16CB7B738","moved"
"18c_raw_movement_broad_phase_stats_corrected/10min_based/figures/publication_panels/Thumbs.db","16384","B1A59020BD42215B5ABD5842C22CC97860E5801FCD2E30A96513D6FD3DAB87AD","moved"
"_archive_stale_stage10_outputs/systems_feature_prediction_ladder/5min_based/figures/Thumbs.db","31744","CCE478787ED54D7540F064525C638A1AC46EB2668930FACC505A199B9A2BEFDB","moved"
"_archive_stale_stage10_outputs/systems_feature_prediction_ladder/5min_based/figures/publication/Thumbs.db","38912","F185612224D3C9594CED383F87902BE816137206ED83EEB0952D5EBBCF5744CC","moved"
"_archive_stale_stage10_outputs/systems_feature_prediction_ladder/5min_based/figures/qc/Thumbs.db","8704","D94A6414231ECC06449A6627CAB8A5A28FF4DDFCA5CC12FE4611882A888D6B11","moved"
"_quarantine_legacy_s09/early_prediction/10min_based/figures/Thumbs.db","61952","15CA13236B99712C8C08B51EE11D22883E1D041FCAF27CA4BCA3F262C9239743","moved"
"_quarantine_legacy_s09/early_prediction/10min_based/figures/publication/overview/Thumbs.db","11264","07CDE0557B126A5EFC25A25F3B28C21ECE9F7AED7A08BAFA3DCF3ABA1E4FD666","moved"
"_quarantine_legacy_s09/early_prediction/1min_based/figures/Thumbs.db","44032","CB9E58AD897F012417784F7E526BE9CEBEDDE8BC29C40C5081503AD38C28D9A4","moved"
"_quarantine_legacy_s09/early_prediction/1min_based/figures/publication_panels/Thumbs.db","71680","1A9AC8B790D5A652BBD76D9AA7138D7A398EDB7639D997D9E4174E7FF7A5F69B","moved"
"_quarantine_legacy_s09/early_prediction/5min_based/figures/Thumbs.db","50688","941F3A9331BDFA163B0CA9A5909732C7E00DFEE7F5CCDD2F473059ABB0DE5F0C","moved"
"_quarantine_legacy_s09/early_prediction_model_ladder/10min_based/figures/publication/Thumbs.db","118784","A7EA3D1AA3616FCC26B0CBD77C6B33A569AF9FF5283D2CCBFF3C356475330741","moved"
"_quarantine_legacy_s09/early_prediction_model_ladder/10min_based/figures/publication_panels/Thumbs.db","82432","E5EE483929B709F3B6DE0DD2EC90EB768D7C689D8DE7F27B6029BAEDD262768E","moved"
"_quarantine_legacy_s09/early_prediction_model_ladder/5min_based/figures/publication/Thumbs.db","16384","FE94387E390ABC79CE4E471E6B596A7BCBA5A628178BC7D72E63CE6102E67E72","moved"
"_quarantine_legacy_s09/early_prediction_model_ladder/5min_based/figures/publication_panels/Thumbs.db","13312","4843B99B81F40C00115412383EEBAA111EB6BE7D589DEAD2E3F9130339B62314","moved"
